,Assistant professors,Associate professors,College,Full professors,Instructors,Student-fac. ratio
0,109800.0,120900.0,Harvard University,198400.0,56700.0,7 to 1
1,102300.0,114200.0,University of Chicago,198200.0,60100.0,6 to 1
2,99000.0,125000.0,Columbia University,197800.0,129600.0,6 to 1
3,109800.0,131200.0,Stanford University,195400.0,,10 to 1
4,94200.0,123700.0,Princeton University,193800.0,76800.0,6 to 1
5,99700.0,106100.0,New York University,182400.0,,11 to 1
6,112300.0,117800.0,University of Pennsylvania,181600.0,,6 to 1
7,89700.0,108600.0,Yale University,180400.0,,6 to 1
8,96000.0,114500.0,Duke University,175300.0,,8 to 1
9,111300.0,121300.0,California Institute of Technology,175000.0,45300.0,3 to 1
10,96800.0,100200.0,Washington University in St. Louis,172400.0,,7 to 1
11,98900.0,110200.0,Northwestern University,172100.0,,7 to 1
12,102800.0,120300.0,Massachusetts Institute of Technology,171800.0,57100.0,8 to 1
13,89700.0,107300.0,Yeshiva University,170900.0,63600.0,6 to 1
14,100000.0,125600.0,Babson College,167300.0,,14 to 1
15,94400.0,109000.0,Georgetown University,167100.0,,11 to 1
16,89900.0,120200.0,New Jersey Institute of Technology,166600.0,79000.0,15 to 1
17,87400.0,107400.0,University of California at Los Angeles,162600.0,,16 to 1
18,89700.0,108500.0,Dartmouth College,162100.0,,8 to 1
19,97000.0,113000.0,Cornell University,161800.0,,12 to 1
20,86600.0,106000.0,Rice University,159500.0,54800.0,8 to 1
21,76500.0,98600.0,Vanderbilt University,158300.0,55300.0,8 to 1
22,86500.0,101600.0,Emory University,158000.0,,7 to 1
23,82300.0,99300.0,Brown University,156700.0,,9 to 1
24,75000.0,101300.0,American University,156100.0,50400.0,13 to 1
25,93300.0,105300.0,University of Southern California,155900.0,66600.0,9 to 1
26,86100.0,99700.0,Boston College,154300.0,82800.0,16 to 1
27,92300.0,104600.0,University of California at Berkeley,154000.0,44600.0,16 to 1
28,84200.0,103100.0,George Washington University,152000.0,62400.0,13 to 1
29,87800.0,105000.0,Boston University,151700.0,53300.0,13 to 1
30,90200.0,97200.0,University of Notre Dame,150200.0,95000.0,10 to 1
31,79700.0,100500.0,Wellesley College,149000.0,,7 to 1
32,85800.0,98200.0,University of Michigan at Ann Arbor,148800.0,64600.0,12 to 1
33,95200.0,104400.0,Northeastern University,148400.0,,13 to 1
34,103100.0,103000.0,Bentley University,146200.0,,14 to 1
35,100200.0,106400.0,Rutgers University at Newark,146000.0,54900.0,15 to 1
36,78600.0,98400.0,Rutgers University at New Brunswick,145000.0,48700.0,15 to 1
37,91000.0,105200.0,Fordham University,144700.0,74600.0,14 to 1
38,80500.0,94600.0,University of North Carolina at Chapel Hill,144000.0,100600.0,14 to 1
39,93400.0,103700.0,Cornell University-NY State Statutory Colleges,143600.0,,
40,77800.0,110400.0,Claremont McKenna College,143000.0,,9 to 1
41,80600.0,101800.0,St. John's University (N.Y.),142800.0,72600.0,19 to 1
42,80800.0,99600.0,University of Maryland at Baltimore,142600.0,63200.0,10 to 1
43,93700.0,104100.0,University of Texas at Dallas,142400.0,,20 to 1
44,72100.0,101700.0,Barnard College,142300.0,62000.0,9 to 1
45,101100.0,98900.0,Carnegie Mellon University,142000.0,,12 to 1
46,86300.0,99800.0,Santa Clara University,141900.0,,13 to 1
47,73400.0,89800.0,Rutgers University at Camden,141800.0,49000.0,14 to 1
48,80300.0,95000.0,University of Virginia,141600.0,50500.0,16 to 1
49,86800.0,94600.0,Georgia Institute of Technology,141300.0,,19 to 1
50,81100.0,92000.0,University of Miami,140800.0,76400.0,11 to 1
51,87000.0,90900.0,University of California at San Diego,140700.0,,19 to 1
52,77600.0,98000.0,Hofstra University,140700.0,74700.0,14 to 1
53,83900.0,89900.0,University of Texas at Austin,140700.0,,18 to 1
54,86100.0,104000.0,University of San Francisco,140500.0,74100.0,15 to 1
55,78100.0,99500.0,State University of New York at Stony Brook,140500.0,49900.0,18 to 1
56,81600.0,95600.0,University of Delaware,140300.0,64800.0,15 to 1
57,71500.0,86600.0,Tulane University,140200.0,69300.0,11 to 1
58,63500.0,93700.0,City University of New York Graduate Center,140000.0,,20 to 1
59,79100.0,106300.0,Claremont Graduate University,139800.0,,
60,89700.0,106800.0,Drexel University,139600.0,66300.0,10 to 1
61,73700.0,92300.0,University of Connecticut,139100.0,65900.0,18 to 1
62,76800.0,92900.0,Amherst College,138900.0,,9 to 1
63,78500.0,85400.0,University of California at Santa Barbara,138600.0,,17 to 1
64,79100.0,93400.0,Wake Forest University,138000.0,48000.0,11 to 1
65,83600.0,86500.0,University of Illinois at Urbana-Champaign,137200.0,57500.0,19 to 1
66,95500.0,104000.0,State University of New York Health Science Center at Brooklyn,137100.0,53900.0,3 to 1
67,80700.0,89800.0,University of California at Irvine,137000.0,,19 to 1
68,92600.0,91700.0,Southern Methodist University,136900.0,,12 to 1
69,83900.0,95700.0,University of Maryland at College Park,136300.0,60100.0,18 to 1
70,,110700.0,City University of New York School of Law at Queens College,136300.0,74900.0,
71,76600.0,93800.0,University of Richmond,136300.0,67600.0,9 to 1
72,96700.0,113100.0,Bryant University,136000.0,,16 to 1
73,77400.0,93100.0,University at Buffalo,135400.0,54900.0,16 to 1
74,76500.0,87000.0,Williams College,135100.0,,7 to 1
75,79000.0,97500.0,Tufts University,134900.0,67900.0,9 to 1
76,75000.0,90000.0,University of Pittsburgh main campus,134800.0,45300.0,14 to 1
77,75700.0,95500.0,Harvey Mudd College,134700.0,,8 to 1
78,78000.0,99400.0,Pomona College,134600.0,,7 to 1
79,78000.0,92500.0,Chapman University,134500.0,64400.0,14 to 1
80,89900.0,89700.0,Lehigh University,134300.0,,10 to 1
81,81500.0,89300.0,Ohio State University,134200.0,98000.0,19 to 1
82,79500.0,98100.0,University of Baltimore,134000.0,70500.0,20 to 1
83,70000.0,94100.0,Temple University,134000.0,55600.0,18 to 1
84,93500.0,97200.0,University of Rochester,133800.0,47100.0,11 to 1
85,76100.0,89200.0,Pennsylvania State University at University Park,132100.0,51000.0,17 to 1
86,92600.0,95800.0,Illinois Institute of Technology,131900.0,,13 to 1
87,72700.0,93400.0,Swarthmore College,131400.0,,8 to 1
88,79200.0,85800.0,Case Western Reserve University,131200.0,57600.0,9 to 1
89,71000.0,85400.0,George Mason University,130900.0,59000.0,16 to 1
90,75500.0,82900.0,University of California at Riverside,130700.0,,18 to 1
91,68500.0,92700.0,Colgate University,130700.0,57500.0,10 to 1
92,91400.0,92900.0,Rensselaer Polytechnic Institute,130200.0,,16 to 1
93,75600.0,91700.0,Smith College,130100.0,62200.0,9 to 1
94,74100.0,86400.0,University of Iowa,130000.0,40300.0,16 to 1
95,74000.0,91900.0,Bowdoin College,130000.0,,9 to 1
96,84400.0,90500.0,Brandeis University,130000.0,,9 to 1
97,79700.0,96700.0,New York Institute of Technology at Old Westbury,130000.0,79600.0,18 to 1
98,67500.0,89300.0,University of Alabama at Tuscaloosa,129900.0,45300.0,19 to 1
99,81300.0,90600.0,University of California at Davis,129400.0,,16 to 1
100,72400.0,86200.0,Wesleyan University,129200.0,,9 to 1
101,77600.0,89100.0,University of Illinois at Chicago,129200.0,60700.0,17 to 1
102,85700.0,95900.0,Worcester Polytechnic Institute,128900.0,57600.0,14 to 1
103,81000.0,84500.0,University of Houston main campus,128800.0,,23 to 1
104,78500.0,89000.0,Colorado School of Mines,128700.0,46900.0,16 to 1
105,75300.0,88000.0,Loyola University Chicago,128600.0,64800.0,14 to 1
106,69500.0,89200.0,Michigan State University,128600.0,43400.0,16 to 1
107,76300.0,91600.0,State University of New York at Albany,128500.0,,19 to 1
108,77400.0,87000.0,Indiana University at Bloomington,128400.0,,19 to 1
109,76500.0,85700.0,University of California at Merced,127700.0,,16 to 1
110,75600.0,85400.0,University of California at Santa Cruz,127400.0,,18 to 1
111,82000.0,104400.0,United States Naval Academy,127200.0,73800.0,9 to 1
112,76400.0,96000.0,Quinnipiac University,125900.0,54500.0,13 to 1
113,79100.0,86000.0,University of Minnesota-Twin Cities,125700.0,46800.0,21 to 1
114,74400.0,104000.0,Pepperdine University,125600.0,48500.0,13 to 1
115,72000.0,91900.0,Binghamton University,125600.0,56400.0,21 to 1
116,77600.0,87500.0,University of San Diego,125500.0,63300.0,15 to 1
117,77500.0,90300.0,University of Colorado at Boulder,125500.0,53900.0,18 to 1
118,72200.0,91400.0,Vassar College,125400.0,61000.0,8 to 1
119,79100.0,87100.0,Purdue University at West Lafayette,125100.0,57400.0,14 to 1
120,71300.0,83400.0,University of Alabama at Birmingham,124900.0,58100.0,17 to 1
121,71200.0,90400.0,Lafayette College,124800.0,53100.0,10 to 1
122,82000.0,90900.0,Suffolk University,124600.0,67100.0,13 to 1
123,76300.0,89100.0,University of South Florida Polytechnic,124400.0,64100.0,15 to 1
124,70300.0,90000.0,Colby College,124100.0,,10 to 1
125,77800.0,96600.0,William Paterson University,124000.0,61400.0,16 to 1
126,69800.0,89300.0,Villanova University,123700.0,60100.0,11 to 1
127,77800.0,97900.0,Adelphi University,123600.0,,11 to 1
128,72500.0,78400.0,Nova Southeastern University,123500.0,52000.0,22 to 1
129,70500.0,93500.0,Washington and Lee University,123200.0,48900.0,7 to 1
130,74400.0,88700.0,Scripps College,122900.0,,10 to 1
131,73800.0,93900.0,Pace University New York Campus,122900.0,,16 to 1
132,73700.0,85600.0,Middlebury College,122900.0,,9 to 1
133,73300.0,83800.0,Arizona State University at Tempe,122700.0,37400.0,23 to 1
134,79300.0,88300.0,University of Washington,122700.0,45300.0,12 to 1
135,72700.0,90800.0,University of Massachusetts at Amherst,122500.0,,19 to 1
136,64500.0,81900.0,Colorado College,122100.0,,10 to 1
137,69300.0,78400.0,Georgia State University,122100.0,53500.0,20 to 1
138,83000.0,100400.0,Stevens Institute of Technology,122100.0,63700.0,14 to 1
139,68500.0,86500.0,Bard College,122100.0,,10 to 1
140,68900.0,80100.0,University of Florida,121700.0,,21 to 1
141,73300.0,84400.0,Virginia Tech,121700.0,46800.0,17 to 1
142,70600.0,89800.0,Richard Stockton College of New Jersey,121500.0,,18 to 1
143,77000.0,92400.0,City College of City University of New York,121500.0,57400.0,13 to 1
144,74300.0,83300.0,University of Denver,120800.0,,12 to 1
145,74700.0,95500.0,Montclair State University,120800.0,45900.0,17 to 1
146,72000.0,89500.0,Hamilton College (N.Y.),120600.0,51800.0,9 to 1
147,75900.0,95000.0,University of Massachusetts at Lowell,120500.0,,14 to 1
148,66900.0,92100.0,Mills College,120400.0,,11 to 1
149,94900.0,98300.0,City University of New York Bernard M. Baruch College,120400.0,,18 to 1
150,70100.0,85200.0,College of the Holy Cross,120300.0,,10 to 1
151,72800.0,83100.0,Texas A&M University at College Station,120000.0,,20 to 1
152,70800.0,81800.0,University of Arizona,119900.0,34900.0,21 to 1
153,71000.0,86400.0,University of Nevada at Las Vegas,119900.0,,22 to 1
154,75400.0,87100.0,National University,119700.0,70600.0,9 to 1
155,70400.0,88000.0,DePaul University,119700.0,63600.0,17 to 1
156,67000.0,83900.0,Seton Hall University,119500.0,61400.0,14 to 1
157,71100.0,87200.0,Texas Christian University,119500.0,63000.0,13 to 1
158,71800.0,87000.0,University of Nevada at Reno,119400.0,59400.0,23 to 1
159,65400.0,81200.0,University of Central Florida,119300.0,47300.0,31 to 1
160,76700.0,94500.0,Kean University,119100.0,,19 to 1
161,90000.0,106000.0,Westchester Community College,119100.0,63400.0,22 to 1
162,73200.0,92400.0,Haverford College,118900.0,,8 to 1
163,77200.0,87900.0,University of Colorado at Denver,118800.0,54800.0,19 to 1
164,75400.0,84000.0,University of Utah,118800.0,,15 to 1
165,68100.0,83900.0,Gallaudet University,118700.0,54500.0,6 to 1
166,68800.0,79900.0,Virginia Commonwealth University,118600.0,48200.0,18 to 1
167,69100.0,83900.0,Bates College,118400.0,,10 to 1
168,64600.0,82900.0,Occidental College,118300.0,,9 to 1
169,78200.0,87300.0,State University of New York College of Optometry,118100.0,,
170,71700.0,82200.0,Carleton College,117900.0,,9 to 1
171,76500.0,93700.0,New Jersey City University,117700.0,,15 to 1
172,73400.0,85400.0,Syracuse University,117600.0,62200.0,16 to 1
173,68500.0,87000.0,College of William and Mary,117600.0,46100.0,11 to 1
174,70900.0,86300.0,Emerson College,117300.0,,16 to 1
175,72100.0,80600.0,University of South Carolina at Columbia,116900.0,45600.0,19 to 1
176,70900.0,83700.0,North Carolina State University,116800.0,68600.0,18 to 1
177,66700.0,82300.0,Duquesne University,116700.0,52700.0,14 to 1
178,75000.0,87700.0,Wayne State University,116600.0,66600.0,16 to 1
179,74300.0,88000.0,Fairfield University,116500.0,,12 to 1
180,65100.0,84500.0,Trinity College (Conn.),116100.0,,10 to 1
181,69200.0,78800.0,University of Kansas,116100.0,,20 to 1
182,74300.0,93400.0,College of New Jersey,116100.0,71900.0,13 to 1
183,66400.0,85500.0,Widener University,116100.0,70300.0,12 to 1
184,73200.0,87200.0,University of Hawaii-Manoa,116000.0,60500.0,14 to 1
185,67000.0,93900.0,Monmouth University,116000.0,47700.0,15 to 1
186,75100.0,83500.0,Iowa State University,115900.0,28000.0,17 to 1
187,75000.0,88300.0,Baylor University,115900.0,,14 to 1
188,74800.0,83700.0,Florida International University,115800.0,56100.0,28 to 1
189,76800.0,87200.0,University of Massachusetts at Boston,115700.0,,16 to 1
190,67300.0,84000.0,Union College (N.Y.),115700.0,,10 to 1
191,67100.0,86200.0,Davidson College,115700.0,,10 to 1
192,79700.0,89000.0,Long Island University-C.W. Post Campus,115500.0,60900.0,13 to 1
193,73400.0,87800.0,City University of New York John Jay College of Criminal Justice,115400.0,62100.0,18 to 1
194,71000.0,80600.0,University of Texas at San Antonio,115300.0,,25 to 1
195,65700.0,83700.0,Mount Holyoke College,115000.0,,9 to 1
196,71600.0,77600.0,University of Nebraska at Lincoln,114800.0,,20 to 1
197,75900.0,87400.0,University of Wisconsin at Madison,114700.0,60000.0,22 to 1
198,68100.0,81100.0,University of Alabama at Huntsville,114600.0,51700.0,16 to 1
199,69400.0,78900.0,Missouri University of Science and Technology,114600.0,,17 to 1
200,73100.0,83900.0,Marquette University,114600.0,55700.0,14 to 1
201,74400.0,89200.0,Hunter College of the City University of New York,114500.0,64400.0,15 to 1
202,60400.0,75400.0,Trinity University,114400.0,48000.0,9 to 1
203,73900.0,89700.0,Herbert H. Lehman College of City University of New York,114300.0,,14 to 1
204,65100.0,76500.0,University of Oklahoma at Norman,114300.0,37200.0,18 to 1
205,73000.0,83100.0,University of the Pacific,114100.0,58200.0,14 to 1
206,61700.0,75900.0,University of Missouri at Columbia,113900.0,,20 to 1
207,68900.0,84800.0,University of Vermont,113800.0,,17 to 1
208,73400.0,88500.0,City University of New York Queens College,113600.0,60200.0,17 to 1
209,75900.0,90000.0,Clarkson University,113500.0,61000.0,15 to 1
210,90600.0,95900.0,Polytechnic Institute of New York University,113400.0,49000.0,13 to 1
211,75200.0,89700.0,Pennsylvania State University (Master's level campuses),113400.0,55300.0,
212,72400.0,85900.0,Rochester Institute of Technology,113100.0,84100.0,13 to 1
213,64500.0,86600.0,Oberlin College,113100.0,50900.0,9 to 1
214,68400.0,79200.0,Catholic University of America,113000.0,57600.0,9 to 1
215,71400.0,84500.0,Bryn Mawr College,112900.0,58900.0,8 to 1
216,77100.0,98300.0,Rider University,112800.0,,12 to 1
217,69900.0,79400.0,University of North Carolina at Charlotte,112600.0,,19 to 1
218,66600.0,83700.0,Grinnell College,112400.0,,9 to 1
219,74000.0,79600.0,University of Oregon,112300.0,47700.0,23 to 1
220,75800.0,82600.0,Loyola University Maryland,112000.0,49800.0,13 to 1
221,69400.0,80200.0,Willamette University,111900.0,42400.0,10 to 1
222,67600.0,77000.0,University of Maryland-Baltimore County,111800.0,52700.0,19 to 1
223,77400.0,87500.0,Saint Joseph's University (Pa.),111700.0,,14 to 1
224,73600.0,88600.0,Pitzer College,111600.0,52900.0,12 to 1
225,69200.0,85600.0,Macalester College,111600.0,55500.0,11 to 1
226,60000.0,71600.0,St. Mary's University,111300.0,,13 to 1
227,72600.0,86000.0,University of Massachusetts at Dartmouth,111200.0,,17 to 1
228,83000.0,85200.0,Suffolk County Community College Central Administration,111200.0,60000.0,26 to 1
229,60200.0,79800.0,University of South Florida at St. Petersburg,111200.0,59300.0,19 to 1
230,68500.0,68200.0,Stetson University,111100.0,,11 to 1
231,71900.0,87600.0,City University of New York Brooklyn College,111000.0,53400.0,14 to 1
232,68300.0,87200.0,University of New Haven,110800.0,56300.0,15 to 1
233,72800.0,95200.0,Roger Williams University,110700.0,,12 to 1
234,66400.0,76800.0,Saint Louis University,110300.0,57300.0,13 to 1
235,73000.0,84100.0,Bucknell University,110300.0,,10 to 1
236,70800.0,79200.0,University of Kentucky,110000.0,,18 to 1
237,75800.0,89500.0,City University of New York Medgar Evers College,109900.0,59600.0,18 to 1
238,62100.0,69900.0,Ohio State University Agricultural Technical Institute,109900.0,,17 to 1
239,64200.0,77100.0,Whittier College,109800.0,,14 to 1
240,67200.0,74300.0,Marist College,109700.0,,15 to 1
241,69200.0,78900.0,Louisiana State University at Baton Rouge,109500.0,44100.0,22 to 1
242,67600.0,79300.0,Wright State University,109500.0,44600.0,23 to 1
243,77800.0,90200.0,Cooper Union for the Advancement of Science and Art,109300.0,,8 to 1
244,70700.0,86300.0,New York City College of Technology/City University of New York,109300.0,57200.0,17 to 1
245,68600.0,80700.0,City University of New York Queensborough Community College,109200.0,59600.0,23 to 1
246,67200.0,81000.0,Connecticut College,109100.0,,9 to 1
247,76000.0,75500.0,Florida State University,109000.0,34300.0,26 to 1
248,76600.0,83400.0,University of St. Thomas (Minn.),109000.0,88700.0,15 to 1
249,71300.0,79800.0,Colorado State University,108900.0,,18 to 1
250,62800.0,77900.0,University of Louisville,108800.0,51400.0,18 to 1
251,66200.0,78700.0,University of Mississippi,108800.0,39600.0,18 to 1
252,61600.0,83100.0,Skidmore College,108800.0,,9 to 1
253,63100.0,75500.0,University of North Carolina at Greensboro,108800.0,55800.0,17 to 1
254,68200.0,79400.0,University of Tennessee at Knoxville,108800.0,52400.0,15 to 1
255,65600.0,81700.0,Dickinson College,108600.0,52200.0,10 to 1
256,71100.0,88100.0,City University of New York College of Staten Island,108300.0,,20 to 1
257,62000.0,78500.0,University of Cincinnati,108300.0,49900.0,16 to 1
258,68400.0,78700.0,University of Dayton,108300.0,,15 to 1
259,63500.0,77800.0,University of Missouri at Kansas City,108200.0,,13 to 1
260,70300.0,79000.0,Clemson University,108000.0,54300.0,16 to 1
261,65900.0,80200.0,University of North Texas,107900.0,,23 to 1
262,75000.0,75700.0,University of Arkansas at Fayetteville,107800.0,43100.0,18 to 1
263,75300.0,79200.0,University of Georgia,107800.0,52500.0,19 to 1
264,67000.0,80500.0,University of Tulsa,107700.0,44800.0,11 to 1
265,69600.0,78100.0,Franklin & Marshall College,107700.0,59400.0,10 to 1
266,66000.0,76300.0,Auburn University,107600.0,40800.0,18 to 1
267,67000.0,79400.0,Reed College,107500.0,,10 to 1
268,64400.0,79700.0,West Virginia University,107400.0,44100.0,23 to 1
269,66100.0,79400.0,Loyola University New Orleans,107300.0,,9 to 1
270,63200.0,80400.0,Hobart and William Smith Colleges,107300.0,52400.0,11 to 1
271,67700.0,77900.0,University of South Florida,107200.0,45700.0,28 to 1
272,59700.0,76400.0,Denison University,107100.0,57500.0,10 to 1
273,70900.0,86300.0,City University of New York York College,107000.0,,18 to 1
274,66500.0,76800.0,Old Dominion University,107000.0,51100.0,21 to 1
275,64900.0,73600.0,Drake University,106800.0,53200.0,13 to 1
276,68600.0,83000.0,University of Toledo,106800.0,54600.0,19 to 1
277,65100.0,84000.0,La Salle University,106700.0,51900.0,13 to 1
278,68400.0,79600.0,Western New England University,106600.0,51300.0,14 to 1
279,67300.0,85200.0,Louisiana State University Health Sciences Center-New Orleans,106500.0,55900.0,5 to 1
280,72200.0,85100.0,University of Michigan at Dearborn,106500.0,,16 to 1
281,65400.0,78200.0,Creighton University,106500.0,55700.0,11 to 1
282,72500.0,80000.0,University of Texas at Arlington,106500.0,,24 to 1
283,87700.0,88700.0,University of Washington at Bothell,106200.0,,20 to 1
284,54000.0,67700.0,Morehouse College,105900.0,41500.0,14 to 1
285,65900.0,73600.0,Texas Tech University,105700.0,44200.0,23 to 1
286,66700.0,75700.0,University of Wyoming,105600.0,,14 to 1
287,65100.0,78000.0,Indiana University-Purdue University at Indianapolis,105500.0,,16 to 1
288,75900.0,82800.0,Michigan Technological University,105200.0,50500.0,13 to 1
289,66800.0,81700.0,La Guardia Community College of City University of New York,105200.0,56500.0,24 to 1
290,70400.0,84700.0,Slippery Rock University of Pennsylvania,105200.0,48200.0,22 to 1
291,65800.0,78900.0,University of Rhode Island,105200.0,58600.0,16 to 1
292,64300.0,77800.0,Sarah Lawrence College,105100.0,,9 to 1
293,67800.0,75300.0,Howard University,105000.0,55600.0,10 to 1
294,67700.0,79000.0,Morgan State University,104900.0,44700.0,14 to 1
295,70700.0,82600.0,Providence College,104800.0,69300.0,13 to 1
296,70100.0,84700.0,Hostos Community College of the City University of New York,104700.0,51600.0,20 to 1
297,68600.0,81600.0,City University of New York Kingsborough Community College,104700.0,59800.0,28 to 1
298,67300.0,76600.0,Kent State University,104500.0,,20 to 1
299,64500.0,82100.0,Bloomsburg University of Pennsylvania,104500.0,48700.0,22 to 1
300,65800.0,81600.0,East Stroudsburg University of Pennsylvania,104500.0,47900.0,21 to 1
301,71700.0,83100.0,City University of New York Borough of Manhattan Community College,104300.0,49700.0,24 to 1
302,58800.0,76600.0,Wheaton College (Mass.),104000.0,44100.0,10 to 1
303,67000.0,74700.0,Miami University (Ohio),103900.0,36800.0,17 to 1
304,64600.0,83000.0,Millersville University of Pennsylvania,103900.0,,23 to 1
305,67500.0,83900.0,West Chester University of Pennsylvania,103900.0,47200.0,21 to 1
306,63400.0,83200.0,Indiana University of Pennsylvania,103800.0,48800.0,21 to 1
307,69100.0,83800.0,Manhattan College,103700.0,60000.0,12 to 1
308,72500.0,82500.0,Molloy College,103700.0,67500.0,10 to 1
309,65900.0,81800.0,Clarion University of Pennsylvania,103600.0,50300.0,21 to 1
310,61300.0,78700.0,Whitman College,103600.0,56200.0,10 to 1
311,66900.0,78000.0,St. Joseph's College (N.Y.),103500.0,58300.0,14 to 1
312,63300.0,82200.0,Mansfield University of Pennsylvania,103500.0,50500.0,17 to 1
313,67000.0,82100.0,Shippensburg University of Pennsylvania,103500.0,45500.0,21 to 1
314,63500.0,73300.0,Kansas State University,103400.0,44200.0,21 to 1
315,69200.0,80300.0,Clark University,103400.0,,10 to 1
316,72700.0,82600.0,Rose-Hulman Institute of Technology,103300.0,,12 to 1
317,64000.0,72700.0,Elon University,103300.0,43500.0,13 to 1
318,66600.0,80900.0,Cheyney University of Pennsylvania,103200.0,50600.0,16 to 1
319,65000.0,76100.0,Ohio University,103100.0,,19 to 1
320,68000.0,83000.0,California University of Pennsylvania,103000.0,50300.0,26 to 1
321,66900.0,78100.0,University of Akron,102800.0,51700.0,21 to 1
322,62400.0,77300.0,Gettysburg College,102700.0,,10 to 1
323,60800.0,81700.0,Kutztown University of Pennsylvania,102700.0,45600.0,22 to 1
324,65000.0,71800.0,Roosevelt University,102600.0,,12 to 1
325,66900.0,74700.0,University of New Mexico,102600.0,61000.0,22 to 1
326,63600.0,77100.0,Philadelphia University,102600.0,,14 to 1
327,74200.0,86000.0,State University of New York Institute of Technology at Utica-Rome,102500.0,59100.0,17 to 1
328,67700.0,77700.0,Woodbury University,102400.0,,10 to 1
329,67900.0,78300.0,Iona College,102400.0,,13 to 1
330,67000.0,81900.0,Edinboro University of Pennsylvania,102400.0,46600.0,20 to 1
331,68700.0,74100.0,Washington State University,102300.0,43800.0,15 to 1
332,62200.0,73000.0,Stonehill College,102100.0,50500.0,13 to 1
333,79400.0,85900.0,St. Louis College of Pharmacy,102100.0,36800.0,20 to 1
334,61700.0,72300.0,University of Memphis,102100.0,42200.0,15 to 1
335,67200.0,83000.0,California Lutheran University,101500.0,64800.0,16 to 1
336,70300.0,78300.0,Governors State University,101500.0,80300.0,12 to 1
337,61300.0,76700.0,Drew University,101500.0,54700.0,11 to 1
338,65700.0,80100.0,College of New Rochelle,101500.0,63300.0,16 to 1
339,58000.0,74000.0,Hampshire College,101400.0,72900.0,13 to 1
340,63300.0,79100.0,St. Lawrence University,101300.0,,12 to 1
341,77500.0,90300.0,California State University-Channel Islands,101100.0,,19 to 1
342,68000.0,78900.0,State University of New York at Farmingdale,100900.0,,19 to 1
343,68000.0,74500.0,University of Texas at El Paso,100900.0,,20 to 1
344,64200.0,77200.0,University of Alaska at Fairbanks,100800.0,54000.0,12 to 1
345,72000.0,77200.0,Simmons College,100700.0,,13 to 1
346,59500.0,75500.0,Wabash College,100500.0,,11 to 1
347,56800.0,64900.0,Valparaiso University,100400.0,46300.0,13 to 1
348,70000.0,77400.0,Hawaii Pacific University,100300.0,59000.0,15 to 1
349,63200.0,73900.0,Southern Illinois University at Carbondale,100300.0,34200.0,17 to 1
350,59900.0,75200.0,Wilkes University,100300.0,49700.0,14 to 1
351,62000.0,74300.0,University of Puget Sound,100300.0,67200.0,12 to 1
352,72800.0,82100.0,York College of Pennsylvania,100200.0,,16 to 1
353,68000.0,75600.0,North Dakota State University,100100.0,53300.0,20 to 1
354,72900.0,79000.0,San Diego State University,100000.0,,25 to 1
355,59400.0,73500.0,Rollins College,100000.0,,10 to 1
356,80500.0,83500.0,University of Washington at Tacoma,100000.0,,18 to 1
357,71600.0,77800.0,Oregon State University,99900.0,45000.0,26 to 1
358,59500.0,75000.0,Western Michigan University,99700.0,47400.0,20 to 1
359,72500.0,79400.0,Saint Mary's College of California,99600.0,,12 to 1
360,57500.0,66800.0,Capital University,99600.0,46500.0,12 to 1
361,61500.0,74100.0,Emmanuel College (Mass.),99400.0,52600.0,16 to 1
362,64200.0,72900.0,Bradley University,99300.0,46900.0,13 to 1
363,63700.0,73900.0,Oakland University,99300.0,56200.0,22 to 1
364,64900.0,79900.0,Xavier University (Ohio),99200.0,45100.0,12 to 1
365,68100.0,74500.0,Oklahoma State University at Stillwater,99200.0,,19 to 1
366,63800.0,79200.0,Western Connecticut State University,99100.0,53200.0,16 to 1
367,66000.0,79400.0,Lock Haven University of Pennsylvania,99100.0,49600.0,22 to 1
368,66400.0,83000.0,University of Scranton,99100.0,54000.0,13 to 1
369,67300.0,79000.0,Bronx Community College of City University of New York,98900.0,54000.0,19 to 1
370,66000.0,78900.0,Orange County Community College,98900.0,51800.0,16 to 1
371,64500.0,72100.0,Cleveland State University,98900.0,54700.0,13 to 1
372,57500.0,71500.0,Ohio State University at Marion,98800.0,,25 to 1
373,76600.0,80000.0,Robert Morris University (Pa.),98800.0,,15 to 1
374,64400.0,77200.0,University of Alaska at Anchorage,98700.0,49300.0,16 to 1
375,69600.0,74500.0,A.T. Still University of Health Sciences,98600.0,62600.0,
376,74400.0,80500.0,State University of New York College at Old Westbury,98600.0,56500.0,20 to 1
377,71100.0,81400.0,San Francisco State University,98500.0,,26 to 1
378,63100.0,73800.0,Dominican University of California,98400.0,,12 to 1
379,62700.0,75400.0,Central Michigan University,98300.0,41900.0,22 to 1
380,67800.0,80600.0,State University of New York College of Environmental Science and Forestry,98300.0,60600.0,15 to 1
381,55100.0,68600.0,Miami University at Hamilton,98300.0,38500.0,21 to 1
382,62200.0,78600.0,Arcadia University,98100.0,49100.0,14 to 1
383,66300.0,79500.0,Siena College,97900.0,46100.0,13 to 1
384,60400.0,76200.0,"State University of New York, The College at Brockport",97600.0,55200.0,18 to 1
385,57500.0,75400.0,State University of New York College at New Paltz,97300.0,56800.0,16 to 1
386,69600.0,75900.0,Ursinus College,97200.0,59000.0,12 to 1
387,64000.0,76900.0,Pennsyvlania State University (baccalaureate level campues),97200.0,53000.0,
388,69400.0,80500.0,Belmont University,97100.0,56300.0,13 to 1
389,61000.0,76600.0,St. Edward's University,97100.0,50000.0,14 to 1
390,59900.0,72800.0,Allegheny College,97000.0,,12 to 1
391,58900.0,69300.0,Northern Arizona University,96900.0,39000.0,20 to 1
392,67100.0,76900.0,Fairleigh Dickinson University,96800.0,76400.0,17 to 1
393,70100.0,77900.0,San Jose State University,96700.0,,25 to 1
394,62300.0,77500.0,Central Connecticut State University,96600.0,56100.0,16 to 1
395,54700.0,68300.0,Washburn University,96600.0,,16 to 1
396,58800.0,70600.0,Spelman College,96500.0,48900.0,10 to 1
397,65400.0,79600.0,California Polytechnic State University at San Luis Obispo,96400.0,,22 to 1
398,56300.0,72900.0,University of the District of Columbia,96400.0,57000.0,14 to 1
399,62500.0,74400.0,Florida Institute of Technology,96400.0,45400.0,16 to 1
400,61100.0,73500.0,Goucher College,96400.0,48000.0,9 to 1
401,56800.0,72900.0,Ohio State University at Lima,96400.0,,23 to 1
402,71300.0,75400.0,California State Polytechnic University at Pomona,96300.0,,28 to 1
403,58000.0,68700.0,University of North Florida,96300.0,45000.0,21 to 1
404,63500.0,75900.0,St. Francis College (N.Y.),96300.0,,18 to 1
405,59800.0,75200.0,Marywood University,96200.0,53200.0,14 to 1
406,65400.0,77000.0,California Maritime Academy,96100.0,68300.0,13 to 1
407,59700.0,75200.0,Muhlenberg College,96100.0,,12 to 1
408,63300.0,72800.0,Mississippi State University,96000.0,41200.0,20 to 1
409,59700.0,74900.0,Ithaca College,96000.0,52900.0,12 to 1
410,63600.0,79900.0,Embry-Riddle Aeronautical University at Prescott,95900.0,46100.0,17 to 1
411,59800.0,73100.0,Le Moyne College,95900.0,47900.0,13 to 1
412,64900.0,72100.0,Florida Atlantic University,95800.0,47200.0,21 to 1
413,65600.0,71800.0,Northern Kentucky University,95800.0,59000.0,17 to 1
414,59000.0,72000.0,Christopher Newport University,95800.0,49900.0,17 to 1
415,66700.0,74800.0,East Carolina University,95700.0,66600.0,17 to 1
416,61800.0,75500.0,Washington College,95600.0,,13 to 1
417,64700.0,79400.0,University of North Dakota,95600.0,48600.0,22 to 1
418,67700.0,71200.0,University of Wisconsin at Milwaukee,95600.0,50100.0,21 to 1
419,70400.0,77600.0,California State University-East Bay,95500.0,,26 to 1
420,65300.0,77300.0,California State University at Los Angeles,95500.0,,24 to 1
421,63100.0,72200.0,University of Colorado at Colorado Springs,95500.0,42500.0,18 to 1
422,60600.0,73500.0,Marymount Manhattan College,95500.0,53900.0,11 to 1
423,58200.0,76000.0,St. Thomas Aquinas College,95500.0,53900.0,17 to 1
424,57800.0,67500.0,Gwynedd-Mercy College,95500.0,44000.0,12 to 1
425,70000.0,77200.0,California State University-Dominguez Hills,95400.0,,27 to 1
426,65000.0,75200.0,University of Redlands,95400.0,,14 to 1
427,67100.0,76000.0,North Carolina Central University,95400.0,47200.0,15 to 1
428,60900.0,70300.0,Kenyon College,95400.0,,10 to 1
429,56500.0,74200.0,Rhodes College (Tenn.),95400.0,58400.0,10 to 1
430,63000.0,76900.0,Embry-Riddle Aeronautical University,95300.0,36600.0,15 to 1
431,61900.0,69000.0,Furman University,95300.0,,11 to 1
432,70000.0,78400.0,California State University at Fullerton,95200.0,,26 to 1
433,65600.0,73200.0,Ohio State University at Newark,95200.0,,27 to 1
434,61500.0,70000.0,Wichita State University,95100.0,43200.0,20 to 1
435,61200.0,76600.0,University of Maine,95000.0,56400.0,12 to 1
436,59800.0,71300.0,Samford University,94800.0,42800.0,12 to 1
437,65900.0,73100.0,Northern Illinois University,94800.0,39200.0,17 to 1
438,66400.0,72200.0,University of Michigan at Flint,94800.0,62900.0,17 to 1
439,66600.0,73700.0,California State University at Bakersfield,94700.0,,26 to 1
440,62100.0,71300.0,California State University at Fresno,94700.0,,24 to 1
441,65500.0,68700.0,Purdue University-Calumet,94700.0,40400.0,19 to 1
442,59300.0,69800.0,University of Missouri at St. Louis,94700.0,,17 to 1
443,60000.0,73100.0,Eastern Connecticut State University,94600.0,49600.0,17 to 1
444,60500.0,73000.0,Sewanee: The University of the South,94600.0,60600.0,11 to 1
445,68500.0,75600.0,California State University at Long Beach,94500.0,,23 to 1
446,61400.0,73100.0,University of Southern Maine,94400.0,48800.0,16 to 1
447,64100.0,75500.0,Barry University,94300.0,50600.0,15 to 1
448,59900.0,69500.0,Mount Saint Mary College,94300.0,54500.0,15 to 1
449,59800.0,72500.0,Saint Michael's College,94300.0,51900.0,13 to 1
450,57100.0,70700.0,Lake Forest College,94200.0,,12 to 1
451,64000.0,71100.0,Texas A&M International University,94100.0,43200.0,21 to 1
452,61200.0,77100.0,Southern Connecticut State University,93800.0,51500.0,15 to 1
453,70900.0,78000.0,University of Hawaii at Hilo,93800.0,53100.0,15 to 1
454,65300.0,71700.0,California State University at San Bernardino,93600.0,,26 to 1
455,58300.0,72100.0,University of Minnesota at Duluth,93600.0,47400.0,21 to 1
456,59300.0,72300.0,University of North Carolina at Wilmington,93600.0,,17 to 1
457,62000.0,71800.0,Ohio Northern University,93600.0,46700.0,11 to 1
458,61100.0,72700.0,DePauw University,93500.0,,10 to 1
459,62500.0,71300.0,Utah State University,93500.0,48700.0,19 to 1
460,56400.0,68400.0,University of Illinois at Springfield,93400.0,44800.0,15 to 1
461,57100.0,71400.0,St. Olaf College,93400.0,52200.0,12 to 1
462,55900.0,74700.0,State University of New York College at Purchase,93400.0,,17 to 1
463,57000.0,70200.0,Bowling Green State University,93400.0,40800.0,18 to 1
464,66900.0,77800.0,California State University at San Marcos,93400.0,,24 to 1
465,59000.0,72300.0,Southern New Hampshire University,93300.0,44500.0,18 to 1
466,57800.0,66500.0,Miami University at Middletown,93300.0,38000.0,17 to 1
467,62600.0,73300.0,Texas State University at San Marcos,93300.0,47000.0,19 to 1
468,64800.0,75400.0,Eastern Michigan University,93200.0,61900.0,18 to 1
469,73100.0,88000.0,"University of South Florida, Sarasota/Manatee",93100.0,59000.0,15 to 1
470,64400.0,76000.0,Buffalo State College,92900.0,,16 to 1
471,60300.0,73600.0,Portland State University,92800.0,41700.0,21 to 1
472,61400.0,72800.0,University of Houston-Clear Lake,92800.0,,15 to 1
473,67100.0,69800.0,Illinois State University,92700.0,,19 to 1
474,63000.0,77600.0,Texas Wesleyan University,92700.0,59400.0,14 to 1
475,63400.0,76700.0,Lewis University,92600.0,56100.0,14 to 1
476,62300.0,73400.0,Biola University,92500.0,53900.0,17 to 1
477,59300.0,72200.0,Western Illinois University,92500.0,45200.0,16 to 1
478,58800.0,73600.0,Wheaton College (Ill.),92500.0,47700.0,12 to 1
479,60500.0,72000.0,Saint Xavier University,92400.0,,14 to 1
480,67700.0,79300.0,Pittsburgh Theological Seminary,92400.0,,
481,62200.0,72100.0,Grand Valley State University,92300.0,53900.0,17 to 1
482,67800.0,75700.0,North Carolina Agricultural and Technical State University,92300.0,49200.0,18 to 1
483,60700.0,73500.0,Youngstown State University,92300.0,48500.0,19 to 1
484,55300.0,69400.0,Manhattanville College,91800.0,,12 to 1
485,59400.0,72000.0,Wheelock College,91700.0,54200.0,11 to 1
486,64000.0,80700.0,University of Tampa,91600.0,49900.0,17 to 1
487,63000.0,73700.0,Eastern Illinois University,91600.0,45100.0,16 to 1
488,60200.0,72500.0,Salve Regina University,91600.0,,14 to 1
489,54500.0,65600.0,Hampden-Sydney College,91600.0,,10 to 1
490,67000.0,74400.0,California State University at Northridge,91500.0,,26 to 1
491,54600.0,67100.0,Carroll University,91500.0,48400.0,15 to 1
492,56900.0,67100.0,Bellarmine University,91400.0,49100.0,13 to 1
493,60700.0,70800.0,California State University at Chico,91300.0,,25 to 1
494,63800.0,77300.0,Webster University,91300.0,,13 to 1
495,52700.0,69600.0,King's College (Pa.),91200.0,44200.0,13 to 1
496,65800.0,72300.0,St. John Fisher College,91100.0,53100.0,13 to 1
497,59800.0,70300.0,Florida Gulf Coast University,91100.0,44200.0,22 to 1
498,57700.0,72100.0,State University of New York College at Oswego,90900.0,41600.0,19 to 1
499,61100.0,67600.0,Indiana State University,90800.0,41500.0,18 to 1
500,59700.0,68800.0,College of Wooster,90700.0,,12 to 1
501,47800.0,72300.0,University of St. Thomas (Tex.),90700.0,49400.0,11 to 1
502,57600.0,69800.0,Aurora University,90600.0,53700.0,15 to 1
503,64000.0,71300.0,California State University at Sacramento,90400.0,,27 to 1
504,61000.0,73800.0,Point Loma Nazarene University,90400.0,,15 to 1
505,55900.0,67700.0,State University of New York at Fredonia,90400.0,37700.0,16 to 1
506,60100.0,68900.0,University of Idaho,90300.0,48900.0,18 to 1
507,58700.0,75600.0,Canisius College,90300.0,,12 to 1
508,60900.0,71400.0,State University of New York College at Geneseo,90300.0,,20 to 1
509,62400.0,70700.0,California State University-Monterey Bay,90300.0,,22 to 1
510,62300.0,69600.0,California State University-Stanislaus,90200.0,,22 to 1
511,57500.0,66600.0,St. Mary's College of Maryland,90200.0,,10 to 1
512,63800.0,73100.0,California Institute of Integral Studies,90100.0,,14 to 1
513,60100.0,74600.0,Florida A&M University,90100.0,53500.0,19 to 1
514,62600.0,70800.0,Sonoma State University,90000.0,,22 to 1
515,54600.0,71500.0,University of Hartford,90000.0,50400.0,12 to 1
516,59600.0,71600.0,Lamar University,90000.0,41700.0,21 to 1
517,60600.0,73200.0,University of Alaska-Southeast,89900.0,,13 to 1
518,62400.0,70500.0,Westmont College,89900.0,,12 to 1
519,62200.0,74100.0,Southern Illinois University at Edwardsville,89900.0,39500.0,18 to 1
520,60000.0,73900.0,Keene State College,89900.0,,18 to 1
521,64500.0,71900.0,Ferris State University,89800.0,63800.0,16 to 1
522,57100.0,68000.0,State University of New York College at Oneonta,89800.0,,18 to 1
523,56500.0,69800.0,Transylvania University,89600.0,53900.0,12 to 1
524,61900.0,71400.0,Towson University,89500.0,50600.0,17 to 1
525,56200.0,74200.0,Kent State University-Tuscarawas,89500.0,,23 to 1
526,53300.0,66300.0,Joliet Junior College,89400.0,,25 to 1
527,69000.0,81100.0,Delta College,89400.0,56200.0,21 to 1
528,60500.0,70200.0,Appalachian State University,89300.0,58100.0,16 to 1
529,56500.0,67300.0,Empire State College of State University of New York,89200.0,,14 to 1
530,59400.0,71300.0,University of Portland,89200.0,50300.0,13 to 1
531,56200.0,68900.0,Assumption College,89100.0,48900.0,11 to 1
532,61800.0,68200.0,Humboldt State University,89000.0,,23 to 1
533,54100.0,63900.0,Monroe Community College,88900.0,48300.0,25 to 1
534,64700.0,66800.0,Niagara University,88900.0,46500.0,12 to 1
535,67500.0,74200.0,Mercy College,88800.0,49300.0,18 to 1
536,57500.0,72300.0,Western Carolina University,88800.0,46800.0,15 to 1
537,62900.0,72600.0,Saint Joseph College,88700.0,45200.0,13 to 1
538,59400.0,71400.0,University of Northern Iowa,88700.0,50700.0,17 to 1
539,56200.0,68700.0,State University of New York College at Plattsburgh,88700.0,,16 to 1
540,55800.0,64000.0,Hamline University,88500.0,51600.0,12 to 1
541,59600.0,68200.0,Georgian Court University,88500.0,,12 to 1
542,67300.0,75500.0,Winston-Salem State University,88400.0,59100.0,17 to 1
543,60200.0,68000.0,University of St. Francis (Ill.),88300.0,56000.0,12 to 1
544,60800.0,73100.0,Fulton-Montgomery Community College,88300.0,48700.0,22 to 1
545,59600.0,65000.0,John Carroll University,88300.0,51900.0,13 to 1
546,55400.0,71300.0,Wright State University Lake Campus,88200.0,40200.0,39 to 1
547,55500.0,70000.0,Saint Anselm College,88100.0,48200.0,12 to 1
548,61400.0,64700.0,University of New Orleans,88000.0,39000.0,19 to 1
549,57800.0,69900.0,College of Saint Rose,88000.0,36100.0,14 to 1
550,60300.0,77800.0,State University of New York Maritime College,87900.0,23400.0,15 to 1
551,51700.0,61700.0,Benedictine University,87800.0,49800.0,18 to 1
552,62200.0,69900.0,College of Mount Saint Vincent,87800.0,61700.0,13 to 1
553,53700.0,67100.0,McDaniel College,87700.0,,12 to 1
554,58100.0,65600.0,University of Southern Mississippi,87600.0,47300.0,17 to 1
555,66900.0,69600.0,University of Maryland-Eastern Shore,87500.0,63900.0,17 to 1
556,62200.0,68400.0,Minnesota State University at Mankato,87400.0,43900.0,25 to 1
557,57000.0,68200.0,Wagner College,87400.0,67400.0,14 to 1
558,60400.0,66500.0,James Madison University,87400.0,51000.0,16 to 1
559,63200.0,74100.0,Fayetteville State University,87300.0,60800.0,15 to 1
560,66100.0,73600.0,University of New England,87200.0,52800.0,13 to 1
561,59500.0,69700.0,Prairie View A&M University,87200.0,,17 to 1
562,60500.0,67300.0,Mercer University,87100.0,50400.0,13 to 1
563,69000.0,70700.0,University of Hawaii Kauai Community College,87100.0,56900.0,12 to 1
564,61500.0,68300.0,Coppin State University,87100.0,,15 to 1
565,62100.0,68400.0,University of Texas-Pan American,87100.0,,21 to 1
566,58700.0,72200.0,North Central College,87000.0,54500.0,16 to 1
567,64200.0,74900.0,University of Nebraska at Omaha,87000.0,41600.0,19 to 1
568,62500.0,70900.0,Texas A&M University at Corpus Christi,87000.0,,19 to 1
569,60000.0,76800.0,University of Bridgeport,86900.0,,17 to 1
570,58000.0,68400.0,Illinois Wesleyan University,86900.0,52900.0,11 to 1
571,58900.0,68100.0,College of Saint Benedict,86800.0,55300.0,12 to 1
572,64700.0,77900.0,Dominican College of Blauvelt,86800.0,59700.0,15 to 1
573,56300.0,64900.0,University of Evansville,86700.0,39000.0,14 to 1
574,54800.0,66500.0,Hartwick College,86700.0,,11 to 1
575,57600.0,67000.0,State University of New York College at Cortland,86700.0,49600.0,17 to 1
576,60300.0,70300.0,Gannon University,86700.0,48600.0,14 to 1
577,56500.0,61500.0,Millsaps College,86500.0,43800.0,9 to 1
578,57100.0,68600.0,University of Houston-Downtown,86500.0,62000.0,20 to 1
579,44100.0,55300.0,Castleton State College,86500.0,,14 to 1
580,56600.0,59800.0,Buena Vista University,86400.0,44300.0,13 to 1
581,57500.0,70000.0,Citadel,86400.0,45000.0,14 to 1
582,56800.0,63300.0,Norwich University,86300.0,,16 to 1
583,62400.0,69700.0,Bowie State University,86200.0,59000.0,16 to 1
584,57200.0,63900.0,University of West Florida,86100.0,44000.0,23 to 1
585,53700.0,70600.0,Kent State University-Stark,86000.0,,22 to 1
586,51400.0,61000.0,Berry College,85900.0,48000.0,12 to 1
587,54300.0,66000.0,Western Kentucky University,85900.0,41700.0,19 to 1
588,53600.0,65400.0,Mercyhurst University,85900.0,44500.0,16 to 1
589,59300.0,70000.0,Marymount University,85900.0,,14 to 1
590,55000.0,69200.0,Lawrence University,85900.0,44500.0,9 to 1
591,55200.0,68900.0,St. Norbert College,85900.0,49800.0,15 to 1
592,59900.0,69100.0,Montgomery College Rockville Campus,85800.0,58400.0,20 to 1
593,59700.0,66200.0,Texas A&M University at Commerce,85700.0,48800.0,20 to 1
594,57000.0,64100.0,Purdue University North Central,85600.0,,18 to 1
595,57400.0,72900.0,Springfield College (Mass.),85600.0,47200.0,14 to 1
596,52800.0,65800.0,Kalamazoo College,85600.0,55400.0,14 to 1
597,54400.0,67000.0,Ball State University,85500.0,43300.0,18 to 1
598,62000.0,69400.0,Holy Family University,85500.0,54700.0,13 to 1
599,56600.0,66300.0,University of Tennessee at Chattanooga,85500.0,45300.0,18 to 1
600,68800.0,73600.0,Butler University,85400.0,46400.0,11 to 1
601,54000.0,64500.0,Saint Vincent College,85400.0,51200.0,13 to 1
602,55300.0,64800.0,University of South Dakota,85400.0,40300.0,17 to 1
603,58000.0,67300.0,Community College of Baltimore County,85400.0,51400.0,21 to 1
604,58900.0,71800.0,Susquehanna University,85300.0,53400.0,13 to 1
605,62700.0,70200.0,Indiana University-Purdue University at Fort Wayne,85200.0,47500.0,19 to 1
606,60800.0,72200.0,Bloomfield College,85200.0,,16 to 1
607,54400.0,65600.0,Point Park University,85200.0,,14 to 1
608,59500.0,64900.0,Montana State University at Bozeman,84900.0,43600.0,17 to 1
609,61400.0,66500.0,Westminster College (Utah),84900.0,54600.0,11 to 1
610,58600.0,69900.0,Seattle Pacific University,84900.0,52700.0,14 to 1
611,58900.0,67300.0,University of Arkansas at Little Rock,84800.0,43000.0,16 to 1
612,58400.0,62000.0,Mississippi College,84800.0,49400.0,15 to 1
613,59700.0,68100.0,Ohio University at Chillicothe,84800.0,,27 to 1
614,57900.0,68200.0,Delaware Valley College,84800.0,52300.0,15 to 1
615,54500.0,66300.0,Centre College,84700.0,50000.0,11 to 1
616,66500.0,72700.0,Endicott College,84700.0,58600.0,15 to 1
617,52300.0,61500.0,Juniata College,84700.0,,13 to 1
618,58600.0,70000.0,Saint John's University (Minn.),84600.0,53800.0,12 to 1
619,61700.0,67500.0,University of North Carolina at Asheville,84600.0,,14 to 1
620,59000.0,70400.0,Elizabethtown College,84600.0,,12 to 1
621,56000.0,65100.0,Moravian College,84600.0,47900.0,10 to 1
622,53000.0,66400.0,Saint Leo University,84500.0,45900.0,16 to 1
623,53400.0,64400.0,Mount St. Mary's University (Md.),84500.0,,13 to 1
624,55200.0,65000.0,Southwestern University (Tex.),84500.0,,11 to 1
625,62700.0,68400.0,Fuller Theological Seminary,84300.0,,
626,62100.0,66200.0,University of Minnesota at Crookston,84300.0,52000.0,24 to 1
627,54600.0,65800.0,Murray State University,84200.0,,15 to 1
628,58200.0,70500.0,Coastal Carolina University,84200.0,46100.0,17 to 1
629,57000.0,67700.0,Kennesaw State University,84100.0,43900.0,21 to 1
630,63900.0,66800.0,Salisbury University,84100.0,64300.0,17 to 1
631,56200.0,67200.0,Ohio State University at Mansfield,84100.0,,20 to 1
632,55600.0,65500.0,College of Saint Scholastica,84000.0,45600.0,14 to 1
633,54600.0,67300.0,Albright College,84000.0,46900.0,14 to 1
634,65100.0,72800.0,University of Hawaii Maui College,83900.0,58800.0,18 to 1
635,58700.0,63600.0,Jacksonville University,83800.0,42800.0,14 to 1
636,60900.0,69600.0,Louisiana Tech University,83700.0,39700.0,22 to 1
637,56600.0,63700.0,Winona State University,83700.0,38700.0,20 to 1
638,58100.0,66700.0,Merrimack College,83600.0,,12 to 1
639,58400.0,69400.0,Nazareth College of Rochester,83600.0,49100.0,11 to 1
640,56600.0,67000.0,State University of New York Canton-College of Technology,83600.0,46700.0,20 to 1
641,66100.0,77300.0,University of Hawaii West Oahu,83500.0,,16 to 1
642,53000.0,67300.0,Columbia College (Mo.),83500.0,53000.0,35 to 1
643,58500.0,64400.0,Saint Peter's College,83500.0,,16 to 1
644,57600.0,67900.0,Abilene Christian University,83500.0,47600.0,15 to 1
645,56800.0,66500.0,Westfield State University,83400.0,52100.0,17 to 1
646,55000.0,65000.0,Washington and Jefferson College,83400.0,,11 to 1
647,59500.0,,University of Hawaii Windward Community College,83300.0,51500.0,19 to 1
648,58400.0,68700.0,Elmhurst College,83300.0,,13 to 1
649,60700.0,69100.0,Plymouth State University,83300.0,,16 to 1
650,59200.0,67400.0,Wofford College,83300.0,49100.0,11 to 1
651,62600.0,66500.0,Metropolitan State University,83200.0,,17 to 1
652,52900.0,66000.0,Cabrini College,83200.0,47700.0,19 to 1
653,56600.0,66100.0,Roanoke College,83200.0,45900.0,11 to 1
654,59800.0,71200.0,Tuskegee University,83100.0,43600.0,12 to 1
655,62000.0,67600.0,St. Cloud State University,83100.0,44900.0,24 to 1
656,60800.0,67700.0,Texas A&M University at Kingsville,83000.0,,16 to 1
657,52600.0,63000.0,Augustana College (Ill.),82900.0,45400.0,12 to 1
658,55100.0,69700.0,Lesley University,82900.0,48400.0,17 to 1
659,57900.0,73600.0,Kent State University-Trumbull,82900.0,,24 to 1
660,60100.0,68200.0,Azusa Pacific University,82800.0,55900.0,13 to 1
661,60000.0,68100.0,Holy Names University,82800.0,,17 to 1
662,58300.0,67200.0,Howard Community College,82700.0,52300.0,17 to 1
663,56600.0,63600.0,Troy University,82600.0,40400.0,20 to 1
664,55700.0,64400.0,Eckerd College,82600.0,,13 to 1
665,61000.0,69000.0,Agnes Scott College,82600.0,,10 to 1
666,54500.0,65000.0,Northern Michigan University,82600.0,45400.0,23 to 1
667,59800.0,67500.0,Chatham University,82600.0,,10 to 1
668,56600.0,70400.0,Dakota State University,82600.0,40200.0,17 to 1
669,68400.0,73200.0,University of the Incarnate Word,82600.0,55600.0,14 to 1
670,59700.0,66200.0,University of Texas at Tyler,82600.0,46500.0,16 to 1
671,52800.0,65700.0,Ohio University at Zanesville,82500.0,,22 to 1
672,68700.0,71900.0,Milwaukee School of Engineering,82500.0,55900.0,14 to 1
673,58100.0,65900.0,Framingham State College,82400.0,50500.0,16 to 1
674,54400.0,64800.0,University of the Virgin Islands,82400.0,39100.0,17 to 1
675,59100.0,65000.0,College of Charleston,82300.0,49200.0,16 to 1
676,54300.0,64000.0,Whitworth University,82300.0,48100.0,11 to 1
677,55200.0,65900.0,University of South Alabama,82200.0,43700.0,22 to 1
678,55500.0,62100.0,Hendrix College,82200.0,47800.0,12 to 1
679,53200.0,61600.0,University of West Georgia,82200.0,37400.0,20 to 1
680,62000.0,67000.0,Indiana University-Southeast,82200.0,,17 to 1
681,58200.0,69100.0,Dominican University,82100.0,53100.0,12 to 1
682,62700.0,63300.0,Notre Dame of Maryland University,82100.0,41500.0,12 to 1
683,55400.0,62600.0,University of Mary Washington,82100.0,50900.0,15 to 1
684,53800.0,64300.0,Texas Woman's University,82000.0,46600.0,17 to 1
685,64700.0,67200.0,Northeastern Illinois University,81900.0,40100.0,15 to 1
686,58800.0,67500.0,Frostburg State University,81900.0,58700.0,17 to 1
687,54800.0,66600.0,New College of Florida,81900.0,,10 to 1
688,57200.0,64000.0,University of North Carolina at Pembroke,81800.0,,16 to 1
689,64200.0,70400.0,University of Hawaii Honolulu Community College,81700.0,53500.0,18 to 1
690,59500.0,71000.0,Lasell College,81700.0,,15 to 1
691,56800.0,67600.0,University of Mount Union,81700.0,42100.0,14 to 1
692,52900.0,62300.0,Linfield College,81700.0,,12 to 1
693,56500.0,66400.0,University of Pittsburgh at Bradford,81700.0,50800.0,19 to 1
694,57500.0,65200.0,Seton Hill University,81700.0,49900.0,16 to 1
695,55300.0,65400.0,Western Washington University,81700.0,44000.0,21 to 1
696,56300.0,67400.0,New Mexico State University at Las Cruces,81500.0,40400.0,19 to 1
697,55100.0,65800.0,Luther College,81400.0,46400.0,12 to 1
698,54600.0,64000.0,McNeese State University,81400.0,42300.0,20 to 1
699,62700.0,74800.0,University of Hawaii Hawaii Community College,81200.0,55900.0,20 to 1
700,63800.0,71700.0,University of Hawaii Kapiolani Community College,81100.0,55400.0,20 to 1
701,56900.0,65600.0,Lebanon Valley College,81100.0,,13 to 1
702,56000.0,69600.0,Misericordia University,81100.0,,12 to 1
703,64000.0,65700.0,Virginia State University,81100.0,46600.0,16 to 1
704,53200.0,64300.0,Saint Mary's College (Ind.),81000.0,44700.0,10 to 1
705,52500.0,64800.0,University of Central Missouri,81000.0,38700.0,17 to 1
706,54300.0,59500.0,Neumann University,81000.0,46600.0,13 to 1
707,62900.0,68400.0,University of Hawaii Leeward Community College,80900.0,53400.0,26 to 1
708,61600.0,66200.0,West Texas A&M University,80900.0,47200.0,20 to 1
709,58900.0,67300.0,Georgia Southern University,80800.0,40300.0,23 to 1
710,55300.0,68400.0,Indiana University-Northwest,80800.0,,17 to 1
711,56700.0,67300.0,Carthage College,80800.0,,14 to 1
712,51500.0,73600.0,University of Akron-Wayne College,80600.0,,22 to 1
713,56300.0,67900.0,High Point University,80500.0,33800.0,16 to 1
714,55200.0,64800.0,Southwestern Illinois College,80400.0,49500.0,19 to 1
715,54600.0,65600.0,University of Southern Indiana,80400.0,48300.0,18 to 1
716,57600.0,66500.0,Centenary College,80400.0,49200.0,15 to 1
717,60100.0,71900.0,DeSales University,80300.0,51100.0,13 to 1
718,55700.0,66000.0,Messiah College,80300.0,,13 to 1
719,58800.0,67000.0,Eastern Kentucky University,80200.0,51600.0,17 to 1
720,47100.0,62000.0,Medaille College,80200.0,37100.0,14 to 1
721,54300.0,65900.0,Tennessee Technological University,80200.0,40100.0,21 to 1
722,54000.0,64400.0,Cedar Crest College,80100.0,48800.0,10 to 1
723,61700.0,68400.0,University of Louisiana at Monroe,80000.0,39500.0,18 to 1
724,54500.0,62000.0,Alfred State College,80000.0,39700.0,20 to 1
725,52500.0,58300.0,Ohio Wesleyan University,80000.0,,11 to 1
726,56200.0,64100.0,Miami Dade College,79900.0,50700.0,24 to 1
727,53300.0,61100.0,Coe College,79900.0,,11 to 1
728,62300.0,73700.0,Stevenson University,79900.0,57800.0,16 to 1
729,59200.0,66700.0,Bemidji State University,79900.0,,22 to 1
730,50100.0,64600.0,University of Cincinnati-Clermont College,79900.0,50500.0,18 to 1
731,60300.0,70400.0,University of Findlay,79900.0,51100.0,15 to 1
732,51200.0,62400.0,Marian University (Wis.),79900.0,44200.0,12 to 1
733,53400.0,65800.0,Berea College,79800.0,45200.0,11 to 1
734,56000.0,68000.0,Southwest Minnesota State University,79800.0,,27 to 1
735,56500.0,62600.0,Minnesota State University Moorhead,79600.0,41700.0,19 to 1
736,53200.0,65300.0,Oklahoma City University,79600.0,52600.0,11 to 1
737,52100.0,62500.0,Colorado State University at Pueblo,79500.0,,16 to 1
738,49600.0,60500.0,Knox College,79500.0,47900.0,12 to 1
739,55900.0,67400.0,University of Indianapolis,79500.0,46000.0,15 to 1
740,62000.0,71200.0,Delgado Community College,79500.0,49000.0,21 to 1
741,53100.0,65200.0,State University of New York College at Potsdam,79500.0,42200.0,15 to 1
742,59000.0,66100.0,South Dakota State University,79400.0,44000.0,19 to 1
743,51900.0,62500.0,Southern Utah University,79400.0,,22 to 1
744,57200.0,66100.0,Southern Polytechnic State University,79300.0,,18 to 1
745,56700.0,65300.0,Boise State University,79300.0,47700.0,21 to 1
746,53000.0,64500.0,Hanover College,79300.0,,11 to 1
747,57600.0,66500.0,Southeastern Louisiana University,79200.0,44600.0,23 to 1
748,58800.0,65000.0,Pacific Lutheran University,79200.0,48600.0,15 to 1
749,56300.0,63600.0,Trinity Washington University,79100.0,48500.0,9 to 1
750,53100.0,62800.0,Birmingham-Southern College,79000.0,37200.0,13 to 1
751,52400.0,63300.0,Daemen College,79000.0,51200.0,14 to 1
752,55800.0,63600.0,University of Central Arkansas,78800.0,42100.0,17 to 1
753,,65300.0,American Jewish University,78800.0,,3 to 1
754,54700.0,62500.0,Earlham College and Earlham School of Religion,78800.0,,12 to 1
755,54500.0,65600.0,Winthrop University,78800.0,44100.0,14 to 1
756,58400.0,65900.0,Radford University,78800.0,51000.0,18 to 1
757,49800.0,62000.0,Southeastern University (Fla.),78700.0,,20 to 1
758,53000.0,60800.0,National-Louis University,78700.0,45700.0,9 to 1
759,59100.0,69200.0,Utica College,78700.0,,11 to 1
760,50500.0,64300.0,University of Cincinnati-Raymond Walters College,78700.0,47500.0,16 to 1
761,56300.0,67800.0,University of North Alabama,78600.0,47900.0,21 to 1
762,56800.0,63400.0,University of Montana at Missoula,78600.0,42000.0,19 to 1
763,56000.0,62900.0,Hope College,78500.0,,12 to 1
764,56300.0,64500.0,State University of New York College of Agriculture and Technology at Cobleskill,78500.0,41900.0,12 to 1
765,51500.0,60300.0,University of Northern Colorado,78400.0,44500.0,20 to 1
766,56300.0,70200.0,Chaminade University of Honolulu,78300.0,,12 to 1
767,53000.0,68400.0,Caldwell College,78300.0,,15 to 1
768,56800.0,62500.0,Arkansas State University,78200.0,36500.0,19 to 1
769,,63600.0,Niagara County Community College,78200.0,45300.0,19 to 1
770,51300.0,61500.0,Randolph-Macon College,78200.0,,11 to 1
771,57800.0,62700.0,Missouri State University,78100.0,37500.0,21 to 1
772,55000.0,66400.0,State University of New York A&T College at Morrisville,78100.0,49500.0,18 to 1
773,56500.0,63400.0,Lynchburg College,78100.0,45500.0,12 to 1
774,60700.0,68600.0,Albertus Magnus College,78000.0,,14 to 1
775,54300.0,59900.0,Adrian College,78000.0,,15 to 1
776,55700.0,62400.0,Minot State University,78000.0,42700.0,14 to 1
777,51600.0,62900.0,University of Pittsburgh at Greensburg,78000.0,43300.0,21 to 1
778,51800.0,62900.0,Hollins University,78000.0,,10 to 1
779,62400.0,71200.0,Saint Francis Medical Center College of Nursing,77900.0,55300.0,10 to 1
780,54100.0,61300.0,Francis Marion University,77900.0,48400.0,15 to 1
781,59600.0,65000.0,Central Washington University,77800.0,,21 to 1
782,51200.0,59900.0,University of Montevallo,77700.0,47700.0,17 to 1
783,55600.0,63800.0,Augsburg College,77500.0,49000.0,15 to 1
784,65500.0,73200.0,Lipscomb University,77500.0,46700.0,16 to 1
785,47200.0,58500.0,Beloit College,77400.0,37300.0,10 to 1
786,64000.0,62800.0,Kettering University,77300.0,,14 to 1
787,55100.0,61400.0,Longwood University,77300.0,,18 to 1
788,59600.0,67400.0,Calvin College,77200.0,45900.0,11 to 1
789,53100.0,63400.0,St. Catherine University,77200.0,46000.0,12 to 1
790,48500.0,60000.0,Colby-Sawyer College,77200.0,,13 to 1
791,60000.0,63400.0,University of Central Oklahoma,77200.0,47500.0,22 to 1
792,49000.0,62100.0,Franklin College of Indiana,77100.0,39000.0,13 to 1
793,52000.0,59200.0,Dixie State College of Utah,77100.0,44900.0,24 to 1
794,55400.0,64400.0,Gordon College (Mass.),77000.0,,13 to 1
795,51700.0,64400.0,Southwestern Oklahoma State University,76900.0,44600.0,20 to 1
796,56100.0,62500.0,Alma College,76800.0,44500.0,13 to 1
797,53200.0,60000.0,Ashland University,76800.0,46400.0,10 to 1
798,63800.0,66600.0,Elizabeth City State University,76700.0,54600.0,16 to 1
799,52800.0,64700.0,Concordia College at Moorhead,76600.0,45400.0,13 to 1
800,55900.0,65100.0,Alvernia University,76600.0,45700.0,14 to 1
801,52400.0,64000.0,College of Mount St. Joseph,76500.0,47200.0,12 to 1
802,53500.0,62100.0,Muskingum University,76500.0,46300.0,14 to 1
803,53000.0,62400.0,Wittenberg University,76500.0,,11 to 1
804,48800.0,59000.0,Westminster College (Pa.),76500.0,,13 to 1
805,56800.0,61300.0,University of Virginia's College at Wise,76500.0,44000.0,15 to 1
806,59800.0,65100.0,St. Louis Community College-Joseph P. Cosand Community College Center and Downtown Education Center,76300.0,53000.0,
807,54700.0,59000.0,Pittsburg State University,76200.0,45400.0,19 to 1
808,53900.0,62700.0,Gustavus Adolphus College,76200.0,46800.0,11 to 1
809,51900.0,61600.0,Illinois College,76100.0,43700.0,11 to 1
810,56300.0,63400.0,Maryville University of Saint Louis,76100.0,,12 to 1
811,57500.0,62200.0,Eastern Washington University,76100.0,,22 to 1
812,50400.0,58900.0,Sinclair Community College,76000.0,41700.0,20 to 1
813,51100.0,64100.0,University of Pittsburgh at Johnstown,76000.0,46100.0,20 to 1
814,56800.0,64300.0,Rhode Island College,76000.0,,21 to 1
815,50500.0,61400.0,Fort Lewis College,75900.0,38600.0,18 to 1
816,62200.0,63700.0,University of Wisconsin at Whitewater,75900.0,,23 to 1
817,57400.0,58000.0,Southeast Missouri State University,75800.0,42300.0,20 to 1
818,57100.0,66500.0,Erie Community College City Campus,75800.0,44900.0,16 to 1
819,53100.0,67400.0,Lycoming College,75800.0,,13 to 1
820,58700.0,65600.0,Angelo State University,75800.0,40800.0,22 to 1
821,47400.0,55700.0,Cornell College,75700.0,,13 to 1
822,56700.0,62300.0,Madonna University,75700.0,43900.0,16 to 1
823,59600.0,67100.0,Northern Virginia Community College,75700.0,53000.0,26 to 1
824,56800.0,60500.0,University of Wisconsin at La Crosse,75700.0,,21 to 1
825,50700.0,58900.0,University of Minnesota at Morris,75600.0,44400.0,14 to 1
826,51900.0,61200.0,Meredith College,75600.0,44600.0,11 to 1
827,52400.0,61500.0,Randolph College,75600.0,,6 to 1
828,55300.0,64000.0,University of Wisconsin-Parkside,75600.0,,19 to 1
829,52000.0,61400.0,Morehead State University,75500.0,38300.0,17 to 1
830,52200.0,61300.0,Missouri Western State University,75500.0,38100.0,19 to 1
831,54400.0,61900.0,Baldwin-Wallace College,75500.0,,16 to 1
832,66500.0,71100.0,Concordia University Wisconsin,75400.0,48800.0,12 to 1
833,52600.0,63400.0,Indiana Wesleyan University,75300.0,40200.0,15 to 1
834,56600.0,60900.0,Indiana University East,75000.0,,17 to 1
835,49900.0,59800.0,University of Maine at Augusta,75000.0,46200.0,19 to 1
836,52000.0,59100.0,University of South Carolina at Aiken,74900.0,41700.0,15 to 1
837,54400.0,60400.0,University of South Carolina at Beaufort,74900.0,47300.0,17 to 1
838,57300.0,62200.0,Montana Tech of the University of Montana,74800.0,48200.0,12 to 1
839,49600.0,57300.0,Southern Arkansas University,74700.0,40100.0,16 to 1
840,57200.0,59100.0,Indiana University at South Bend,74700.0,,16 to 1
841,48900.0,63800.0,Wayne State College,74700.0,43000.0,19 to 1
842,54800.0,62600.0,Keuka College,74700.0,47700.0,14 to 1
843,51300.0,58500.0,Albion College,74600.0,41000.0,13 to 1
844,49000.0,56300.0,Community College of Rhode Island,74600.0,,21 to 1
845,57300.0,65400.0,Austin College,74600.0,,13 to 1
846,46700.0,56200.0,Emory & Henry College,74600.0,45100.0,10 to 1
847,60400.0,64500.0,Kaskaskia College,74500.0,38200.0,26 to 1
848,47900.0,60800.0,Cazenovia College,74500.0,,12 to 1
849,48200.0,55100.0,Tompkins Cortland Community College,74500.0,45600.0,20 to 1
850,56900.0,61600.0,University of Wisconsin at Oshkosh,74500.0,47700.0,22 to 1
851,51300.0,64600.0,North Georgia College & State University,74400.0,44800.0,18 to 1
852,56400.0,65200.0,"Davenport University (Grand Rapids, Mich.)",74400.0,57000.0,40 to 1
853,53100.0,57100.0,Drury University,74400.0,45700.0,19 to 1
854,54900.0,61300.0,University of Puerto Rico-Humacao University College,74400.0,43800.0,16 to 1
855,53600.0,65700.0,Georgia College & State University,74300.0,42800.0,17 to 1
856,50100.0,62900.0,Millikin University,74300.0,47100.0,11 to 1
857,50800.0,57900.0,Monmouth College,74300.0,46300.0,14 to 1
858,50700.0,60100.0,Hood College,74300.0,,12 to 1
859,47600.0,61500.0,Regis College,74300.0,,15 to 1
860,55900.0,63800.0,Jackson State University,74300.0,42100.0,18 to 1
861,44500.0,59400.0,Maryville College,74300.0,37700.0,11 to 1
862,57500.0,61100.0,Allen College,74200.0,50700.0,8 to 1
863,67800.0,64500.0,Trinity International University Evangelical Divinity School,74100.0,,
864,53800.0,57800.0,Indiana University at Kokomo,74100.0,,18 to 1
865,57800.0,58600.0,Virginia Wesleyan College,74000.0,,11 to 1
866,,66900.0,Amberton University,73900.0,,25 to 1
867,50000.0,61000.0,Marietta College,73800.0,38500.0,13 to 1
868,54100.0,62600.0,University of Tennessee at Martin,73800.0,48200.0,19 to 1
869,52100.0,61900.0,University of South Carolina Upstate,73700.0,47000.0,16 to 1
870,51400.0,58100.0,Oglethorpe University,73600.0,38300.0,16 to 1
871,48300.0,59600.0,Wells College,73600.0,,10 to 1
872,50500.0,58700.0,Finger Lakes Community College,73500.0,43900.0,23 to 1
873,54100.0,61900.0,Immaculata University,73500.0,53600.0,10 to 1
874,48500.0,57800.0,Marygrove College,73400.0,,15 to 1
875,54500.0,63000.0,Bethel University (Minn.),73400.0,49500.0,12 to 1
876,54600.0,65100.0,Lindenwood University,73400.0,,23 to 1
877,45800.0,58500.0,Johnson State College,73400.0,,14 to 1
878,51700.0,61600.0,Marshall University,73400.0,37100.0,20 to 1
879,62000.0,64700.0,Cambridge College (Mass.),73200.0,,15 to 1
880,54600.0,60900.0,Mount Ida College,73200.0,44100.0,14 to 1
881,53200.0,58100.0,East Tennessee State University,73200.0,42500.0,20 to 1
882,50400.0,59800.0,Southern Oregon University,73100.0,43000.0,21 to 1
883,51400.0,60400.0,Sweet Briar College,73100.0,41300.0,7 to 1
884,50100.0,61200.0,Saint Mary's University of Minnesota,73000.0,46300.0,13 to 1
885,56400.0,61500.0,University of Wisconsin at Eau Claire,72900.0,44900.0,22 to 1
886,55700.0,61800.0,Notre Dame de Namur University,72800.0,48000.0,12 to 1
887,49000.0,55700.0,University of Maine at Farmington,72800.0,48600.0,14 to 1
888,56300.0,60100.0,Franklin Pierce University,72800.0,,14 to 1
889,52700.0,60800.0,Shawnee State University,72800.0,43100.0,20 to 1
890,53300.0,60300.0,Valdosta State University,72700.0,43000.0,22 to 1
891,53800.0,60900.0,Fort Hays State University,72700.0,45600.0,18 to 1
892,,59100.0,Minneapolis College of Art and Design,72700.0,36700.0,12 to 1
893,44900.0,56700.0,Missouri Southern State University,72700.0,41300.0,19 to 1
894,46900.0,57600.0,Doane College,72700.0,41300.0,11 to 1
895,53600.0,61800.0,Flagler College at Saint Augustine,72600.0,49900.0,18 to 1
896,50900.0,61200.0,Upper Iowa University,72600.0,,22 to 1
897,54400.0,62400.0,University of Charleston,72500.0,45000.0,16 to 1
898,55700.0,57400.0,University of Wisconsin at Green Bay,72500.0,,27 to 1
899,56000.0,62200.0,McKendree University,72300.0,49600.0,14 to 1
900,49500.0,59400.0,Oregon Institute of Technology,72300.0,43900.0,20 to 1
901,51900.0,61500.0,Weber State University,72200.0,41600.0,23 to 1
902,51300.0,58900.0,Lakeland College,72200.0,48400.0,15 to 1
903,49200.0,57400.0,Saint Joseph's College of Maine,72100.0,40700.0,15 to 1
904,52100.0,58900.0,Central College,72000.0,46300.0,16 to 1
905,52400.0,57000.0,Emporia State University,71900.0,40200.0,17 to 1
906,60900.0,65100.0,Northwest College (Wyo.),71900.0,54500.0,16 to 1
907,50800.0,59200.0,Guilford College,71800.0,45300.0,17 to 1
908,53400.0,60000.0,Florida Southern College,71600.0,47800.0,15 to 1
909,49300.0,58400.0,Mary Baldwin College,71600.0,,11 to 1
910,51100.0,56800.0,Cardinal Stritch University,71600.0,47100.0,17 to 1
911,54500.0,60900.0,University of Wisconsin at River Falls,71600.0,,22 to 1
912,58400.0,61400.0,Chicago State University,71400.0,,15 to 1
913,50900.0,56800.0,Northeastern State University,71400.0,42300.0,20 to 1
914,48300.0,56200.0,Northwestern State University,71300.0,41200.0,19 to 1
915,47800.0,55900.0,Valley City State University,71200.0,41900.0,12 to 1
916,54600.0,61900.0,Blue Ridge Community College (Va.),71100.0,45800.0,25 to 1
917,53900.0,61100.0,Shepherd University,71100.0,,19 to 1
918,51600.0,59200.0,Albany State University,71000.0,46100.0,21 to 1
919,47500.0,55000.0,University of Maine at Fort Kent,71000.0,,16 to 1
920,50700.0,60700.0,Augustana College (S.D.),71000.0,46400.0,12 to 1
921,46600.0,56200.0,Austin Peay State University,71000.0,38300.0,20 to 1
922,45100.0,57100.0,Centenary College of Louisiana,70900.0,,10 to 1
923,57000.0,61300.0,Our Lady of the Lake University,70900.0,,13 to 1
924,50600.0,59900.0,Trinity Christian College,70800.0,,11 to 1
925,51800.0,62000.0,Waynesburg University,70800.0,46900.0,18 to 1
926,54300.0,59400.0,University of Wisconsin-Stout,70800.0,,21 to 1
927,50600.0,57000.0,Louisiana State University at Shreveport,70600.0,41300.0,22 to 1
928,52600.0,56100.0,Clark Atlanta University,70500.0,39200.0,17 to 1
929,51700.0,60800.0,Rockhurst University,70500.0,49800.0,11 to 1
930,50800.0,58900.0,Ulster County Community College,70500.0,41900.0,22 to 1
931,52300.0,61400.0,Southeastern Oklahoma State University,70500.0,38800.0,18 to 1
932,51400.0,58200.0,Texas Lutheran University,70500.0,,14 to 1
933,53200.0,60700.0,Franciscan University of Steubenville,70400.0,42600.0,15 to 1
934,55600.0,63400.0,New River Community College,70400.0,53400.0,27 to 1
935,53800.0,61800.0,Concordia Seminary (Mo.),70300.0,,
936,49100.0,56600.0,Truman State University,70300.0,40500.0,16 to 1
937,60100.0,61200.0,Johnson County Community College,70200.0,,23 to 1
938,47600.0,53900.0,Sul Ross State University,70100.0,39700.0,14 to 1
939,56000.0,62200.0,George Fox University,70000.0,,13 to 1
940,48600.0,56800.0,Lyon College,69900.0,,13 to 1
941,51300.0,59700.0,Kansas City Kansas Community College,69900.0,44000.0,18 to 1
942,47900.0,61700.0,Kendall College of Art and Design of Ferris State University,69900.0,,
943,54400.0,58700.0,Tiffin University,69900.0,47300.0,19 to 1
944,48700.0,54300.0,University of South Carolina at Sumter,69900.0,35300.0,14 to 1
945,50200.0,57300.0,Bridgewater College,69900.0,41500.0,14 to 1
946,51600.0,62100.0,University of Puerto Rico at Ponce,69800.0,45900.0,16 to 1
947,48900.0,58900.0,Arkansas Tech University,69700.0,38300.0,18 to 1
948,47300.0,59200.0,Cecil College,69700.0,,13 to 1
949,58300.0,60200.0,BryanLGH College of Health Sciences,69600.0,50300.0,10 to 1
950,50800.0,59100.0,Cedarville University,69600.0,45100.0,15 to 1
951,49800.0,58900.0,Brenau University,69500.0,43600.0,11 to 1
952,56300.0,61500.0,Fresno Pacific University,69300.0,44100.0,16 to 1
953,53400.0,66100.0,Dickinson State University,69200.0,36700.0,15 to 1
954,48400.0,59800.0,Glenville State College,69200.0,42000.0,19 to 1
955,48500.0,57100.0,Corning Community College,69100.0,42100.0,21 to 1
956,45700.0,53100.0,Austin Community College,69100.0,,21 to 1
957,52700.0,56200.0,Western State College of Colorado,69000.0,,17 to 1
958,48800.0,57400.0,Walsh University,69000.0,36700.0,12 to 1
959,42500.0,54500.0,Western Oregon University,69000.0,35900.0,20 to 1
960,50400.0,55100.0,Converse College,69000.0,,14 to 1
961,47200.0,57000.0,Lyndon State College,69000.0,37900.0,14 to 1
962,51900.0,57800.0,University of Wisconsin at Stevens Point,69000.0,44900.0,22 to 1
963,,,College of Southern Nevada,68900.0,52500.0,26 to 1
964,53200.0,64800.0,State University of New York College of Technology at Delhi,68900.0,46500.0,14 to 1
965,54600.0,61600.0,Southside Virginia Community College,68900.0,48900.0,22 to 1
966,45200.0,56400.0,Kansas City Art Institute,68800.0,37100.0,10 to 1
967,51500.0,57600.0,University of Wisconsin at Platteville,68800.0,,22 to 1
968,50400.0,63400.0,University of West Alabama,68500.0,40400.0,18 to 1
969,48500.0,54400.0,Hiram College,68500.0,44100.0,12 to 1
970,45400.0,54700.0,La Roche College,68500.0,,12 to 1
971,44800.0,51100.0,Huntingdon College,68400.0,,13 to 1
972,45700.0,54900.0,Georgetown College,68400.0,,11 to 1
973,44600.0,53100.0,Ripon College,68400.0,,15 to 1
974,51300.0,61200.0,Bethune-Cookman University,68300.0,45600.0,17 to 1
975,47000.0,57300.0,Morningside College,68300.0,44400.0,13 to 1
976,51700.0,62600.0,Claflin University,68300.0,45200.0,14 to 1
977,55400.0,59600.0,Alcorn State University,68100.0,39900.0,17 to 1
978,53800.0,57700.0,"DeVry University (Chicago, Ill.)",68000.0,,16 to 1
979,44000.0,53200.0,Bismarck State College,67900.0,,17 to 1
980,49000.0,56200.0,Oral Roberts University,67900.0,39800.0,14 to 1
981,57600.0,61700.0,University of Dallas,67900.0,40900.0,12 to 1
982,46600.0,57700.0,University of New Mexico - Gallup,67800.0,,23 to 1
983,48900.0,54100.0,Lander University,67800.0,40300.0,17 to 1
984,51200.0,51800.0,Lone Star College system,67800.0,47200.0,18 to 1
985,49500.0,59200.0,Georgia Southwestern State University,67700.0,48800.0,20 to 1
986,54200.0,61600.0,Tidewater Community College,67700.0,48000.0,27 to 1
987,52000.0,58100.0,Freed-Hardeman University,67600.0,40700.0,15 to 1
988,47100.0,56300.0,University of Maine at Presque Isle,67500.0,,22 to 1
989,50100.0,59800.0,William Jewell College,67500.0,41700.0,11 to 1
990,50900.0,59200.0,Ursuline College,67400.0,45000.0,8 to 1
991,53300.0,62100.0,J. Sargeant Reynolds Community College,67400.0,48200.0,23 to 1
992,50100.0,57600.0,Young Harris College,67300.0,43800.0,11 to 1
993,53100.0,58100.0,College of the Ozarks,67300.0,,14 to 1
994,49400.0,58700.0,Eastern Oregon University,67200.0,40100.0,26 to 1
995,45000.0,52600.0,Vermont Technical College,67200.0,,11 to 1
996,49100.0,59100.0,Dordt College,67100.0,41300.0,14 to 1
997,45800.0,60500.0,Spring Hill College,67000.0,44500.0,15 to 1
998,47600.0,55200.0,Nebraska Wesleyan University,67000.0,42500.0,13 to 1
999,51100.0,55400.0,University of Wisconsin at Superior,67000.0,,17 to 1
1000,50800.0,58500.0,Viterbo University,66900.0,37700.0,12 to 1
1001,50200.0,56600.0,Hardin-Simmons University,66800.0,46600.0,13 to 1
1002,48200.0,52600.0,Simpson College (Iowa),66700.0,43700.0,14 to 1
1003,52900.0,58000.0,Wartburg College,66700.0,,12 to 1
1004,49500.0,56100.0,Delta State University,66700.0,47400.0,12 to 1
1005,50000.0,59200.0,Montana State University at Billings,66700.0,39200.0,19 to 1
1006,44300.0,56200.0,University of Maine at Machias,66600.0,,14 to 1
1007,51000.0,53800.0,Genesee Community College,66600.0,43900.0,28 to 1
1008,49400.0,55700.0,Lourdes University,66500.0,42500.0,11 to 1
1009,47700.0,55200.0,Alverno College,66500.0,,12 to 1
1010,51300.0,55500.0,Charleston Southern University,66400.0,44600.0,16 to 1
1011,58500.0,63400.0,Presbyterian College,66400.0,,12 to 1
1012,64200.0,62400.0,Wingate University,66300.0,42400.0,14 to 1
1013,47100.0,55000.0,Carroll College (Mont.),66200.0,40800.0,13 to 1
1014,47400.0,54700.0,Wheeling Jesuit University,66200.0,41400.0,11 to 1
1015,48200.0,55100.0,New Mexico Highlands University,66000.0,,15 to 1
1016,47600.0,55800.0,Wesleyan College,65900.0,36200.0,10 to 1
1017,48900.0,60500.0,Geneva College,65900.0,,14 to 1
1018,46800.0,54400.0,Loras College,65800.0,39700.0,12 to 1
1019,46000.0,52900.0,Hastings College,65800.0,39600.0,13 to 1
1020,50000.0,55400.0,Russell Sage College,65700.0,,14 to 1
1021,46300.0,57300.0,Malone University,65600.0,41900.0,14 to 1
1022,46000.0,58800.0,University of South Carolina at Lancaster,65600.0,48000.0,18 to 1
1023,48300.0,56400.0,Northwestern College (Minn.),65400.0,38200.0,17 to 1
1024,48300.0,55600.0,Mississippi Valley State University,65400.0,39400.0,15 to 1
1025,42200.0,50200.0,University of New Mexico-Valencia,65400.0,,27 to 1
1026,44900.0,56600.0,Hilbert College,65200.0,,14 to 1
1027,51000.0,56500.0,Covenant College,65100.0,41800.0,14 to 1
1028,46200.0,53000.0,Shorter University,65100.0,38700.0,13 to 1
1029,50800.0,51800.0,McMurry University,65100.0,39100.0,13 to 1
1030,51800.0,60300.0,Wytheville Community College,65100.0,49400.0,24 to 1
1031,46600.0,56600.0,Clinton Community College (N.Y.),65000.0,,22 to 1
1032,52500.0,58200.0,Danville Community College,65000.0,50300.0,20 to 1
1033,47200.0,54500.0,Huntington University,64900.0,44300.0,13 to 1
1034,47900.0,55300.0,Newman University,64800.0,40500.0,14 to 1
1035,51300.0,57700.0,Terra State Community College,64800.0,47400.0,22 to 1
1036,46900.0,58800.0,Bastyr University,64800.0,,9 to 1
1037,52200.0,56300.0,Bluefield State College,64800.0,34800.0,17 to 1
1038,48200.0,54700.0,Multnomah University,64700.0,40000.0,14 to 1
1039,50900.0,57600.0,Judson University (Ill.),64600.0,,10 to 1
1040,50300.0,58700.0,Germanna Community College,64600.0,48500.0,23 to 1
1041,46500.0,52300.0,Ottawa University,64500.0,40200.0,13 to 1
1042,50500.0,53000.0,Holyoke Community College,64500.0,48000.0,19 to 1
1043,50800.0,58500.0,Gardner-Webb University,64500.0,46600.0,13 to 1
1044,53700.0,56200.0,Butler County Community College (Pa.),64500.0,44200.0,18 to 1
1045,53600.0,65900.0,Cottey College,64400.0,,8 to 1
1046,57100.0,61600.0,Paul D. Camp Community College,64300.0,44700.0,19 to 1
1047,47300.0,54900.0,Saint Martin's University,64300.0,32200.0,12 to 1
1048,47300.0,55500.0,Averett University,64200.0,,13 to 1
1049,50600.0,56200.0,Kirkwood Community College,64100.0,47800.0,28 to 1
1050,49800.0,56400.0,Northwestern College (Iowa),64100.0,46800.0,14 to 1
1051,44900.0,51800.0,Ivy Tech Community College of Indiana-Central Office,64100.0,39700.0,
1052,46800.0,56400.0,Westminster College (Mo.),64000.0,,15 to 1
1053,47600.0,55600.0,Manchester College,63900.0,45800.0,15 to 1
1054,55500.0,59200.0,Piedmont Virginia Community College,63900.0,48200.0,20 to 1
1055,40500.0,47100.0,University of Sioux Falls,63700.0,38900.0,15 to 1
1056,49300.0,53200.0,Northwest University (Wash.),63700.0,,13 to 1
1057,44600.0,55800.0,Georgia Perimeter College,63700.0,38600.0,24 to 1
1058,43900.0,54800.0,Eureka College,63500.0,,14 to 1
1059,50400.0,53700.0,John Wood Community College,63500.0,42800.0,14 to 1
1060,47400.0,58900.0,Valley Forge Christian College,63500.0,,14 to 1
1061,55200.0,60400.0,John Tyler Community College,63500.0,49600.0,24 to 1
1062,49100.0,54700.0,West Virginia State University,63500.0,38800.0,17 to 1
1063,45800.0,49700.0,Middle Georgia College,63300.0,45700.0,22 to 1
1064,54500.0,59500.0,Avila University,63300.0,48400.0,15 to 1
1065,49100.0,53300.0,Warren Wilson College,63300.0,,12 to 1
1066,50100.0,55300.0,Salem College,63200.0,42100.0,10 to 1
1067,50600.0,55700.0,Lee University,63200.0,,18 to 1
1068,46000.0,51300.0,Baker University,63100.0,37600.0,14 to 1
1069,47000.0,57200.0,Catawba College,63100.0,37100.0,15 to 1
1070,51100.0,54200.0,Henderson State University,62900.0,41800.0,17 to 1
1071,46300.0,54800.0,Anderson University (Ind.),62900.0,41000.0,11 to 1
1072,49600.0,53800.0,Trine University,62800.0,43100.0,18 to 1
1073,48100.0,55600.0,Southwest Baptist University,62800.0,36500.0,17 to 1
1074,47100.0,49500.0,Defiance College,62800.0,,12 to 1
1075,55000.0,52200.0,Naropa University,62700.0,38700.0,9 to 1
1076,48700.0,58500.0,Lake Region State College,62700.0,43900.0,12 to 1
1077,46800.0,54400.0,Oklahoma State University-Oklahoma City,62700.0,43300.0,23 to 1
1078,44700.0,54400.0,Snow College,62700.0,46200.0,19 to 1
1079,53700.0,57800.0,Southwest Virginia Community College,62700.0,48000.0,18 to 1
1080,47200.0,54000.0,Taylor University,62600.0,39600.0,12 to 1
1081,48200.0,52200.0,Thiel College,62600.0,45500.0,14 to 1
1082,50200.0,53100.0,Mount Marty College,62600.0,41500.0,13 to 1
1083,43000.0,52900.0,Central Methodist University - College of Liberal Arts & Sciences,62500.0,,15 to 1
1084,50700.0,58200.0,Mountain Empire Community College,62400.0,45000.0,23 to 1
1085,45000.0,50800.0,University of Wisconsin Colleges,62400.0,,25 to 1
1086,53500.0,58700.0,Thomas Nelson Community College,62300.0,47000.0,24 to 1
1087,46300.0,52900.0,Trevecca Nazarene University,62200.0,,16 to 1
1088,50400.0,56800.0,Friends University,62000.0,45200.0,13 to 1
1089,45800.0,51100.0,Eastern Mennonite University,62000.0,41300.0,10 to 1
1090,48900.0,50600.0,Adams State College,61900.0,,17 to 1
1091,48800.0,55300.0,Covenant Theological Seminary,61900.0,,
1092,52900.0,57200.0,Virginia Western Community College,61900.0,49700.0,23 to 1
1093,47200.0,52100.0,Bethel College (Ind.),61800.0,42000.0,13 to 1
1094,53200.0,60600.0,Lord Fairfax Community College,61800.0,45700.0,21 to 1
1095,52600.0,58700.0,Virginia Highlands Community College,61700.0,45100.0,18 to 1
1096,50000.0,54500.0,Concordia University (Neb.),61600.0,32800.0,14 to 1
1097,45500.0,52500.0,Mount Vernon Nazarene University,61500.0,49700.0,14 to 1
1098,47200.0,52300.0,Eastern Nazarene College,61300.0,40100.0,15 to 1
1099,44600.0,50700.0,University of Science and Arts of Oklahoma,61300.0,40900.0,14 to 1
1100,44100.0,51800.0,Bluffton University,61200.0,,13 to 1
1101,47800.0,54100.0,Philadelphia Biblical University,61200.0,,14 to 1
1102,44700.0,51400.0,Spring Arbor University,61100.0,37600.0,15 to 1
1103,39600.0,48000.0,Sterling College (Kan.),61000.0,22900.0,13 to 1
1104,42400.0,49300.0,University of Pikeville,61000.0,36100.0,16 to 1
1105,41200.0,49200.0,Siena Heights University,61000.0,40000.0,12 to 1
1106,41800.0,48200.0,Georgia Highlands College,60900.0,40300.0,22 to 1
1107,50200.0,54000.0,University of Puerto Rico at Bayamon,60900.0,38300.0,22 to 1
1108,48800.0,52700.0,Southwestern College (Kan.),60700.0,,10 to 1
1109,41100.0,47600.0,West Virginia Northern Community College,60700.0,37000.0,21 to 1
1110,43600.0,53300.0,Mount Mary University,60700.0,41400.0,14 to 1
1111,46900.0,53800.0,Ouachita Baptist University,60600.0,43000.0,12 to 1
1112,43600.0,49300.0,Goshen College,60600.0,,10 to 1
1113,45200.0,49000.0,Briar Cliff University,60500.0,40800.0,13 to 1
1114,50200.0,52500.0,New Mexico State University at Carlsbad,60500.0,43700.0,17 to 1
1115,48900.0,56800.0,Ferrum College,60500.0,38300.0,18 to 1
1116,46500.0,53800.0,Saint Joseph's College (Ind.),60300.0,21100.0,14 to 1
1117,44700.0,48700.0,Wilmington College (Ohio),60300.0,,14 to 1
1118,48900.0,55700.0,Patrick Henry Community College,60300.0,46200.0,22 to 1
1119,51100.0,50400.0,Limestone College,60200.0,41300.0,22 to 1
1120,46600.0,53400.0,Asbury College,60000.0,,14 to 1
1121,45700.0,50200.0,Bellevue University,60000.0,,23 to 1
1122,44800.0,49800.0,West Virginia Wesleyan College,59800.0,38700.0,13 to 1
1123,48400.0,52800.0,Salt Lake Community College,59500.0,41600.0,26 to 1
1124,47500.0,53600.0,Heidelberg University,59200.0,,15 to 1
1125,42700.0,48600.0,University of Montana-Western,59000.0,36200.0,18 to 1
1126,51800.0,49000.0,Chowan University,59000.0,43500.0,16 to 1
1127,49200.0,54800.0,Greenville College,58900.0,40000.0,13 to 1
1128,51600.0,57600.0,Nebraska Methodist College,58900.0,44400.0,10 to 1
1129,45700.0,51900.0,Coker College,58700.0,,14 to 1
1130,45600.0,51300.0,Volunteer State Community College,58700.0,43500.0,26 to 1
1131,41500.0,49700.0,Louisiana State University at Eunice,58500.0,40000.0,24 to 1
1132,47500.0,50700.0,Rocky Mountain College,58500.0,33500.0,12 to 1
1133,48000.0,49800.0,Jamestown College,58500.0,44400.0,14 to 1
1134,43500.0,49000.0,Graceland University (Iowa),58400.0,,16 to 1
1135,,48000.0,Manchester Community College (N.H.),58400.0,,11 to 1
1136,43300.0,45800.0,Greensboro College,58400.0,41300.0,13 to 1
1137,44800.0,49700.0,Lakes Region Community College,58300.0,,10 to 1
1138,46200.0,51500.0,Shaw University,57800.0,38900.0,16 to 1
1139,45400.0,52900.0,East Texas Baptist University,57800.0,,15 to 1
1140,50700.0,59800.0,Central Virginia Community College,57800.0,46900.0,19 to 1
1141,,48600.0,White Mountains Community College,57700.0,,7 to 1
1142,45400.0,51800.0,Milligan College,57700.0,,13 to 1
1143,43400.0,49900.0,Mayville State University,57600.0,38100.0,18 to 1
1144,,49400.0,New Hampshire Technical Institute-Concord's Community College,57500.0,,12 to 1
1145,43800.0,48500.0,Carson-Newman College,57400.0,36800.0,12 to 1
1146,46500.0,46500.0,MacMurray College,57200.0,,10 to 1
1147,44400.0,46000.0,Nashua Community College,57200.0,,12 to 1
1148,43800.0,49100.0,Mars Hill College,57000.0,39900.0,12 to 1
1149,45000.0,52500.0,Columbia College (S.C.),57000.0,,13 to 1
1150,,46700.0,Great Bay Community College,56900.0,,9 to 1
1151,47500.0,50400.0,New Mexico State University at Alamogordo,56800.0,43600.0,22 to 1
1152,39300.0,46300.0,Bluefield College,56800.0,38400.0,11 to 1
1153,47200.0,51300.0,New Mexico State University at Grants,56500.0,,22 to 1
1154,46000.0,52600.0,Belmont Abbey College,56500.0,,17 to 1
1155,44800.0,52100.0,Kansas Wesleyan University,56400.0,,13 to 1
1156,49800.0,47800.0,Mississippi University for Women,56300.0,48500.0,14 to 1
1157,43700.0,50100.0,Quincy University,56200.0,39000.0,14 to 1
1158,46900.0,55300.0,Calumet College of Saint Joseph,56200.0,48300.0,11 to 1
1159,43500.0,47400.0,Lewis-Clark State College,55900.0,38700.0,18 to 1
1160,48800.0,54000.0,Pine Manor College,55900.0,,11 to 1
1161,46500.0,49100.0,Bennett College for Women,55800.0,35900.0,11 to 1
1162,39400.0,48000.0,University of the Southwest,55700.0,,11 to 1
1163,39800.0,46600.0,Sullivan County Community College,55700.0,,19 to 1
1164,52900.0,56400.0,Lincoln Memorial University,55600.0,39200.0,13 to 1
1165,41100.0,50500.0,Missouri Baptist University,55200.0,43700.0,21 to 1
1166,43500.0,47700.0,Davis & Elkins College,54700.0,38500.0,13 to 1
1167,40200.0,45800.0,Kentucky Wesleyan College,54500.0,,14 to 1
1168,,48500.0,River Valley Community College,53800.0,,7 to 1
1169,44200.0,51600.0,Oklahoma Panhandle State University,53600.0,34000.0,16 to 1
1170,45300.0,47000.0,Olivet College,53500.0,,19 to 1
1171,45500.0,48300.0,Lincoln Christian University,53200.0,,12 to 1
1172,43900.0,48500.0,Nunez Community College,52900.0,44900.0,25 to 1
1173,44500.0,49800.0,New Mexico State University Dona Ana Community College,52700.0,41600.0,21 to 1
1174,41700.0,49000.0,Toccoa Falls College,52500.0,,13 to 1
1175,47100.0,48800.0,Peninsula College,52300.0,48500.0,17 to 1
1176,43000.0,45000.0,King College,52200.0,34500.0,15 to 1
1177,47600.0,50600.0,Mineral Area College,52100.0,44600.0,22 to 1
1178,42200.0,42700.0,Brevard College,50500.0,,11 to 1
1179,43600.0,49800.0,North Carolina Wesleyan College,50300.0,40700.0,13 to 1
1180,39400.0,40300.0,Lees-McRae College,49800.0,37700.0,15 to 1
1181,38800.0,43500.0,Ohio Valley University,49200.0,,9 to 1
1182,43700.0,43900.0,St. Andrews University,48100.0,31400.0,10 to 1
1183,,42500.0,Faith Baptist Bible College and Theological Seminary,47800.0,,14 to 1
1184,37600.0,,Kentucky Christian University,47200.0,,15 to 1
1185,41900.0,44400.0,Tennessee Wesleyan College,45900.0,37400.0,16 to 1
1186,37900.0,44300.0,Union College (Ky.),45300.0,34300.0,13 to 1
1187,29700.0,36400.0,Universidad Politecnica De Puerto Rico,45200.0,30000.0,17 to 1
1188,35700.0,40000.0,Lackawanna College,45100.0,32200.0,10 to 1
1189,35900.0,38100.0,Tabor College,44400.0,,13 to 1
1190,36600.0,,AIB College of Business,42700.0,37000.0,19 to 1
1191,41800.0,49300.0,Villa Maria College of Buffalo,42200.0,39600.0,9 to 1
1192,,,Lawson State Community College,,,23 to 1
1193,,,Northwest-Shoals Community College,,,23 to 1
1194,,,Prince William Sound Community College,,,12 to 1
1195,,,Cochise College,,,16 to 1
1196,,,Santa Rosa Junior College,,,24 to 1
1197,,,Morgan Community College,,,14 to 1
1198,,,Hartford Seminary,,,
1199,,,Delaware Technical and Community College Owens Campus,,,17 to 1
1200,,,Delaware Technical and Community College-Terry,,,16 to 1
1201,,,Delaware Technical and Community College Stanton-Wilmington Campus,,,16 to 1
1202,41500.0,51600.0,East Georgia College,,37000.0,29 to 1
1203,,,Eastern Idaho Technical College,,,4 to 1
1204,,,North Idaho College,,,17 to 1
1205,,,Highland Community College (Ill.),,,18 to 1
1206,,,Spoon River College,,,17 to 1
1207,,,Hawkeye Community College,,,23 to 1
1208,,,North Iowa Area Community College,,,23 to 1
1209,,,St. John's College (Md.),,,7 to 1
1210,,,Alexandria Technical and Community College,,,23 to 1
1211,,,Anoka Technical College,,,22 to 1
1212,,,Anoka-Ramsey Community College,,,31 to 1
1213,,,Riverland Community College,,,24 to 1
1214,,,Northwest Technical College,,,21 to 1
1215,,,Central Lakes College,,,26 to 1
1216,,,Dakota County Technical College,,,25 to 1
1217,,,Lake Superior College,,,25 to 1
1218,,,Minnesota State Community and Technical College at Fergus Falls,,,21 to 1
1219,,,Minnesota West Community and Technical College,,,20 to 1
1220,,,Hennepin Technical College,,,21 to 1
1221,,,"Hibbing Community College, A Technical and Community College",,,18 to 1
1222,,,Inver Hills Community College,,,26 to 1
1223,,,Itasca Community College,,,22 to 1
1224,,,South Central College,,,21 to 1
1225,,,Mesabi Range Community & Technical College,,,25 to 1
1226,,,Minneapolis Community and Technical College,,,27 to 1
1227,,,North Hennepin Community College,,,28 to 1
1228,,,Normandale Community College,,,27 to 1
1229,,,Northland Community and Technical College,,,21 to 1
1230,,,Pine Technical College,,,23 to 1
1231,,,Rainy River Community College,,,22 to 1
1232,,,Rochester Community and Technical College,,,22 to 1
1233,,,Saint Cloud Technical and Community College,,,25 to 1
1234,,,"Saint Paul College, A Community & Technical College",,,25 to 1
1235,,,Vermilion Community College,,,23 to 1
1236,,,Ridgewater College,,,22 to 1
1237,,,Minnesota State College-Southeast Technical,,,25 to 1
1238,,,Century College,,,27 to 1
1239,,,Pearl River Community College,,,16 to 1
1240,,,Metropolitan Community College Longview,,,26 to 1
1241,,,Metropolitan Community College Maple Woods,,,27 to 1
1242,,,Metropolitan Community College - Penn Valley,,,16 to 1
1243,,,Little Big Horn College,,,30 to 1
1244,,,Central Community College,,,20 to 1
1245,,,Central New Mexico Community College,,,27 to 1
1246,,,Clovis Community College,,,22 to 1
1247,,,New Mexico Junior College,,,18 to 1
1248,,,University of New Mexico at Taos,,,21 to 1
1249,62400.0,100800.0,State University of New York Upstate Medical University,,64600.0,6 to 1
1250,,,Haywood Community College,,,9 to 1
1251,,,Sampson Community College,,,11 to 1
1252,,,Sitting Bull College,,,10 to 1
1253,,,Athenaeum of Ohio,,,7 to 1
1254,47000.0,65200.0,Bowling Green State University Firelands College,,44900.0,20 to 1
1255,54400.0,65000.0,Kent State University at Ashtabula,,,20 to 1
1256,58400.0,67000.0,Kent State University-East Liverpool,,,17 to 1
1257,59300.0,71200.0,Kent State University-Salem,,,18 to 1
1258,,71100.0,Kent State University-Geauga,,,18 to 1
1259,,67700.0,Ohio University Eastern Campus,,,22 to 1
1260,53200.0,67500.0,Ohio University Southern Campus,,,27 to 1
1261,54200.0,67800.0,Ohio University Lancaster Campus,,,26 to 1
1262,,,Oklahoma State University at Okmulgee,,,18 to 1
1263,55100.0,56500.0,University of Pittsburgh at Titusville,,47400.0,12 to 1
1264,,,Aiken Technical College,,,18 to 1
1265,45700.0,47100.0,University of South Carolina-Salkehatchie,,38100.0,25 to 1
1266,,,University of South Carolina at Union,,,19 to 1
1267,,,Spartanburg Methodist College,,,19 to 1
1268,,,Blinn College,,,26 to 1
1269,,,Central Texas College,,,12 to 1
1270,53400.0,,Lamar State College-Orange,,40300.0,19 to 1
1271,,,Vernon College,,,16 to 1
1272,,,Marlboro College,,,8 to 1
1273,47200.0,60700.0,Dabney S. Lancaster Community College,,56600.0,18 to 1
1274,49700.0,56100.0,Eastern Shore Community College,,,15 to 1
1275,51200.0,56800.0,Rappahannock Community College,,48800.0,22 to 1
1276,,,Clark College,,,17 to 1
1277,,,Evergreen State College,,,23 to 1
1278,,,Wenatchee Valley College,,,20 to 1
1279,,,DeKalb Technical College,,,27 to 1
1280,,,NorthWest Arkansas Community College,,,19 to 1
1281,,,Fond du Lac Tribal and Community College,,,27 to 1
1282,,,Metropolitan Community College Blue River,,,20 to 1
1283,,,Metropolitan Community College-Business and Technology,,,11 to 1
1284,46100.0,,"Shorter University, College of Professional Studies",,,25 to 1
